business_id,name,latitude,longitude,stars,review_count,price_level,full_address
MTSW4McQd7CbVtyjqoe9mw,St Honore Pastries,39.9555052,-75.1555641,4.0,80,1,"935 Race St, Philadelphia, PA, 19107"
MUTTqe8uqyMdBl186RmNeA,Tuna Bar,39.953949,-75.1432262,4.0,245,3,"205 Race St, Philadelphia, PA, 19106"
ROeacJQwBeh05Rqg7F6TCg,BAP,39.943223,-75.162568,4.5,205,1,"1224 South St, Philadelphia, PA, 19147"
QdN72BWoyFypdGJhhI5r7g,Bar One,39.9398245705,-75.1574465632,4.0,65,1,"767 S 9th St, Philadelphia, PA, 19147"
aPNXGTDkf-4bjhyMBQxqpQ,Craft Hall,39.9625821,-75.1356571,3.5,65,2,"901 N Delaware Ave, Philadelphia, PA, 19123"
ppFCk9aQkM338Rgwpl2F5A,Wawa,39.954573,-75.1948936,3.0,56,2,"3604 Chestnut St, Philadelphia, PA, 19104"
O1oZpbZNDMH_gz8DhsZCdA,Wendy's,40.012141,-75.1150148,1.5,15,2,"700 E. Hunting Park, Philadelphia, PA, 19124"
bTve2mwLk5Zc01vRKqc2KQ,Red Hook Coffee & Tea,39.9385518,-75.1496356,4.5,183,1,"765 S 4th St, Philadelphia, PA, 19147"
bqmX882_6AxVA_uHEQ70sQ,Shanghai Station,39.9516153765,-75.2033457223,4.0,46,2,"4002 Spruce St, Philadelphia, PA, 19104"
n8ecak12IF_jhnPNs37AZA,Baltic Bakery,39.9768798,-75.1161695,4.5,12,2,"2609 Edgemont St, Philadelphia, PA, 19125"
VbItL6RDULtnw4YvB6EhVg,Jon's Bar & Grille,39.9412993,-75.1477446,3.0,178,2,"300 South St, Philadelphia, PA, 19147"
V-96iACFgPmVjjKACGxd7Q,Fusion Pizza & Grill,40.0839955,-75.0354963,2.5,6,2,"1900 Grant Ave, Ste M-N, Philadelphia, PA, 19115"
GVqXNt0HKJLpciN9ePxnWw,Crown Fried Chicken,39.9368911,-75.1672837,2.5,16,1,"1128 S Broad St, Philadelphia, PA, 19146"
dChRGpit9fM_kZK5pafNyA,The Love,39.9506555,-75.1708991,4.0,618,2,"130 S 18th St, Philadelphia, PA, 19103"
7mpYTDb24SywNMRn3yeakQ,The Twisted Tail,39.9418766,-75.1451988,4.0,604,2,"509 S 2nd St, Philadelphia, PA, 19147"
5iuo1kvv0XZMS0bUOoLz2Q,Bistro St. Tropez,39.9535919923,-75.1794226902,3.5,163,1,"2400 Market St, Ste 427, Philadelphia, PA, 19103"
bchZXVE4feVx4Q5rhIRCGg,NY Bagel Cafe & Deli,40.0027825,-75.2222705,3.0,52,2,"4514 B City Line Ave, Ste 220, Philadelphia, PA, 19131"
ngvE1G9IckUO-ljZBFo23w,Mumbai Bistro,39.947207,-75.1572515,4.0,217,2,"930 Locust St, Philadelphia, PA, 19107"
TGfPJHImEq6AQL9a1laxlg,Chick-fil-A,40.08178,-75.0267907,4.0,80,2,"9711 Roosevelt Blvd, Philadelphia, PA, 19114"
CPgWuWGZ4v2sZr5_-1kluw,Checkers,39.9719414,-75.159771,2.0,21,2,"1208 N. Broad, Philadelphia, PA, 19121"
kGjpBqAqG4mIuFSgU2KKEA,The Royal Indian Cuisine,39.948365,-75.1744997,4.0,28,1,"272 S 20th St, Philadelphia, PA, 19103"
kLSEk3qXY1KdtFjxHJ9pww,McDonald's,40.0884161,-74.9650112,1.5,20,1,"501 Franklin Mill Cir, Philadelphia, PA, 19154"
kfGz2E7Y5FLXJyiKbQYfZg,The Irish Times,39.9403745,-75.1456109,3.5,44,2,"629 S 2nd St, Philadelphia, PA, 19147"
PdMXmOWDRHICAx6SLgu1dQ,24,39.9515211,-75.1798731,3.5,111,2,"2401 Walnut St, Philadelphia, PA, 19103"
JomDoQafikclSVVCPkWjnA,Cedar Park Cafe,39.94796,-75.22198,4.0,301,1,"4914 Baltimore Ave, Philadelphia, PA, 19143"
MYoRNLb5chwjQe3c_k37Gg,Sean Thorntons Public House,39.988107,-75.105553,3.5,6,2,"2401 E Allegheny Ave, Philadelphia, PA, 19134"
pP4q0Mym-qt20nRqTKbzhQ,Morton's The Steakhouse,39.949603,-75.1649701595,3.5,149,2,"1411 Walnut St, Philadelphia, PA, 19102"
y1HgVnt4K5owmYXC5yXLGg,Flambo Caribbean Restaurant,39.9686973,-75.1606146,4.5,138,2,"820 N Broad St, Philadelphia, PA, 19130"
RrqRin8BYGrTlJbCDwtLzA,Wawa,39.9510885597,-75.1989988336,3.5,50,1,"3744 Spruce St, Philadelphia, PA, 19104"
L_sXNadtVHjxMw7Yhvkj9Q,Naoki Ramen,39.955454,-75.1549,4.0,92,2,"915 Race St, Philadelphia, PA, 19107"
HuDNHqKv9n1mWpe4BqCnwA,Minas Pizza,40.0352350987,-75.2167929785,3.0,54,1,"6151 Ridge Ave, Philadelphia, PA, 19128"
BxR5hjyBnJZrm_nnaCtGQw,The Lunar Inn,39.9822933,-75.1031599,4.5,29,1,"3124 Richmond St, Philadelphia, PA, 19134"
4TQMOy00KD_54xSFwKgMZw,Ndulge,40.025842293,-75.2243893677,3.5,15,2,"4373 Main St, Philadelphia, PA, 19127"
NQSnr4RPUScss607oxOaqw,Chase's Hop Shop,40.0603863,-75.0845897,4.5,116,2,"7235 Rising Sun Ave, Philadelphia, PA, 19111"
I4TFiNX5gTsJBnEGH2Tl8Q,Benna's West,39.931855,-75.168473,3.5,47,1,"1444 S Broad St, Philadelphia, PA, 19146"
N1ZXhAVzOzbyCBPEXTaUUw,Tandoor Authentic Indian Restaurant,39.9551144,-75.202451,3.5,148,3,"106 S 40th St, Philadelphia, PA, 19104"
nBr6NgqcZz1GhtAngU0RSQ,Forin Cafe,39.9813471541,-75.1322471288,4.5,10,3,"2041 Coral St, Ste 2, Philadelphia, PA, 19125"
dE_MaaYrXBAEebtH2u_B-w,Wilson's Market,40.0390528,-75.1438169,3.5,13,3,"1337 W Olney Ave, Philadelphia, PA, 19141"
68ThEdiK0eWCEgGEmV9Tng,Southgate,39.9455687,-75.1717901,4.0,323,2,"1801 Lombard St, Philadelphia, PA, 19146"
TttFjRQ-8Iz8by4hsD7iOQ,Angelina's,39.940221217,-75.1557966694,4.5,49,2,"743 S 8th St, Philadelphia, PA, 19147"
aurl4I40YVQfQ8loOdgKCg,Crown Fried Chicken,39.971145,-75.15902,3.5,11,2,"933 N Broad St, Philadelphia, PA, 19123"
di5ihAL9VWoctHelY8kLTQ,Gigi and Big R,39.9512903,-75.1992768,4.0,81,2,"38th and Spruce, Philadelphia, PA, 19104"
Bw0cpnfI-Y9QmjWzqS-oFg,Izumi,39.929738,-75.1633963,4.0,219,1,"1601 E Passyunk Ave, Philadelphia, PA, 19148"
1w1H1kYUN60zpfdP-0qmGQ,Machismo Burrito Bar,40.0626011,-75.2372078,3.0,30,3,"8500 Henry Ave, Philadelphia, PA, 19128"
kgMEBZG6rjkGeFzPaIM4MQ,McDonald's,39.9394402,-75.1668049,2.0,55,1,"914 S Broad St, Philadelphia, PA, 19146"
_IYHl6J9iB3lbeJq27pbsg,Taqueria La Hacienda,40.02202,-75.1240606,3.5,10,1,"4715 N Front St, Philadelphia, PA, 19120"
V5KiEoH4E86GA2S3RQkf1g,Spice Grill,39.9862724,-75.094699,3.5,12,2,"3447-61 Richmond St, Philadelphia, PA, 19134"
MMRRS6YhVRx_iN5-JhMRYg,Han Dynasty,39.9567105161,-75.1971027811,4.0,783,1,"3711 Market St, Philadelphia, PA, 19104"
icp_IKE9zIkAqAucyS1vTA,Hakka Beef House,39.9554945,-75.1552563,4.5,33,1,"927 Race St, Philadelphia, PA, 19107"
f8xDi3rajxvIqS73N93Afw,Guavaberry Foods & Drinks ,39.938371,-75.1501031,4.0,13,1,"776 S 4th St, Philadelphia, PA, 19147"
A0F-h3xJm_6gHDKcDQwSrQ,Capogiro Gelato,39.9541715545,-75.2013800841,4.0,252,2,"3925 Walnut St, Philadelphia, PA, 19104"
SPWyzJPFP2TT7x0BsqaBqQ,Chenango Restaurant & Bar,39.9664073,-75.1386733,2.0,10,2,"1031 Germantown Ave, Philadelphia, PA, 19123"
duf2PORLOL6it1dTGhSnKA,Junes Breakfast,39.9850064107,-75.246888042,2.5,20,1,"6227 Lancaster Ave, Philadelphia, PA, 19151"
bKppmYKQ_-9cpp2yziB-Qw,Lincoln Chicken Pizza And Grill,39.9738754,-75.1794242,2.5,20,1,"2614 W Girard Ave, Philadelphia, PA, 19130"
K8b2MQ5Az59-nzvqUfjJEQ,The Farm and Fisherman,39.944935,-75.1606759,4.0,234,2,"1120 Pine St, Philadelphia, PA, 19107"
n6dw_zxL_4cVO6EP_m0joQ,Dragon House,39.9503586,-75.1615836,4.0,5,2,"1228 Chestnut St, Philadelphia, PA, 19107"
agTcS5LYZJe4gNiXK6nNkw,Buca D’Oro ,39.9470772078,-75.1541655511,4.0,5,2,"711 Locust St, Philadelphia, PA, 19106"
Zk_GdMMPgEfKUECCxAxvwQ,Pho Nam Giang,40.0860776,-74.9648083509,4.5,23,1,"427 Franklin Mills Cir, Philadelphia, PA, 19154"
eqNutOMnPqKa9QDAY6KfEw,J'aime French Bakery,39.948081,-75.1608093,4.5,310,2,"212 S 12th St, Philadelphia, PA, 19107"
sfbg2kxnvKpmlIuCUas5TA,Lucky Wok Restaurant,40.0342865,-75.1307075,2.5,6,3,"5431 N 5th St, Philadelphia, PA, 19120"
CB7nXPd5h_YLzcgfDo2DCg,Mike's Breakfast,40.045729,-75.11891,3.0,15,3,"6201 N Front St, Ste 16, Philadelphia, PA, 19120"
o4_cgIKWgvJ09TZeSzARmg,Quality Pizza,40.0509209,-75.094581,3.0,19,1,"6438 Rising Sun Ave, Philadelphia, PA, 19111"
5m3ND7lNNd6zo-bNQGoXhQ,Three 12 Sport Bar and Lounge,39.9499452,-75.146352,2.5,33,1,"312 Market St, Philadelphia, PA, 19106"
7J81xJFlMM244_f05k2egw,Hammerheads Bar & Grille,40.0374692,-75.0417837,2.5,15,2,"3517 Cottman Ave, Philadelphia, PA, 19149"
e0aGg7U132XQRup2qa0Ztg,Archway Sandwich Shop,39.9528017,-75.1533475,3.0,7,2,"48 N 8th St, Philadelphia, PA, 19107"
14ZGwnDyydXdSBsLXpSUrA,Vientiane Café,39.9483087,-75.2178905,4.0,304,2,"4728 Baltimore Ave, Philadelphia, PA, 19143"
4NjPz9bJzll1FMIi2bw8HA,Sonam,39.9412971,-75.1466064,4.5,9,1,"223 South St, Philadelphia, PA, 19176"
cz0sBSp8G2R2dqE6cccbuw,Wit or Witout Cheesesteaks,40.0378039,-75.0387664,2.5,37,2,"7352 Frankford Ave, Philadelphia, PA, 19136"
Yl4Am6NhqWo_YMmo1SyU5A,Domino's Pizza,39.9453395,-75.238934,2.0,5,2,"5754 Baltimore Ave, Philadelphia, PA, 19143"
ld1b8y_PHH6Mn_e7T0u04g,Gachi Sushi and Noodle,39.8946117,-75.2292952,4.0,95,3,"8500 Essington Ave, A West Terminal, Philadelphia, PA, 19153"
WxFfnTx_VAT_ORvqHAfYNw,My Blue Heaven,39.9883288,-75.0912665,3.0,6,2,"2762 E Pacific St, Philadelphia, PA, 19134"
ejRuEF2j8_w5qQbwEQ8GfQ,Villagio Pizza Cafe,39.9851818,-75.1067498,3.0,47,1,"2533 Clearfield St, Philadelphia, PA, 19134"
oFMpfE5J6f0ATRmsVXrFSg,Papa Sam,40.0394759,-75.0778205,3.0,6,1,"6398 Castor Ave, Philadelphia, PA, 19149"
T8lxi3V2avTVXCanVkAFNg,Pizza Hut,39.9130548,-75.149704,1.5,25,1,"2715 S Front St, Ste 9, Philadelphia, PA, 19148"
GOSVLhjUT6TnrPhkkmDOpw,Vineyards Cafe,39.969939,-75.163026,4.5,192,1,"847 N 16th St, Philadelphia, PA, 19130"
h85b3MFPWyaopMBy8DpBpA,Ron's Caribbean Cuisine,40.0407573,-75.1448014,4.0,142,1,"5726 N Broad St, Philadelphia, PA, 19141"
w9hS5x1F52Id-G1KTrAOZg,Wiz Kid,39.9509958568,-75.1723086834,4.5,163,2,"124 S 19th St, Philadelphia, PA, 19103"
_tADqh3OmH6CzGJWKkru3g,Latin Flavor,39.9422752,-75.1532337,4.5,10,1,"627 South St, Philadelphia, PA, 19147"
5Eq-hxUIIjZTHFnpZJhgQQ,Tom's Corner Grill & Pizza,40.0406177,-75.0438084,3.5,11,2,"7375 Crabtree St, Philadelphia, PA, 19136"
mCo2uVTTGYrEhRrkQW-CMw,Empress Garden,39.9539403,-75.1563093,4.0,263,2,"108 N 10th St, Philadelphia, PA, 19107"
-LmhsdQproqCf5EQoD06rQ,The Fat ChickeN,39.9227051442,-75.1861358061,4.5,10,1,"2355 S Bucknell St, Philadelphia, PA, 19145"
afsP-p_pr4ikrboB5MtUzQ,Los Compadres,39.9553865,-75.1910637,4.0,12,2,"3300 Market St, Philadelphia, PA, 19145"
7MaaaorooHRAqkQXcTqmrg,Nannie Francos Pizza,39.922527,-75.1644732,3.0,13,1,"2141 S 11th St, Philadelphia, PA, 19148"
tVxL-Ygzwp8NMuxwvNmWRA,Los Potrillos,40.0123759,-75.1124633,4.0,17,2,"4200 G St., Philadelphia, PA, 19124"
H3yoQNhw-AfdLIwScR1zXg,Divino Wine Bar,39.9482333,-75.1726372,3.5,10,2,"267 S 19th St, Philadelphia, PA, 19103"
rVfe1LHo55A2fworkm_jVw,Capofitto,39.9485775068,-75.1450225711,4.5,205,2,"233 Chestnut St, Philadelphia, PA, 19106"
O6hY9yenifuRXrpc4TfgsQ,The Blue Duck,40.0571673033,-75.0304835714,4.0,495,1,"2859 Holme Ave, Philadelphia, PA, 19152"
-V0vIgo6196MDn_x3ZaYmA,La Creperie Cafe,39.9506242,-75.1697297,3.5,146,2,"1722 Sansom St, Philadelphia, PA, 19103"
ZMJz4ekxrcZdhBcnK4B_6g,Kurry Shack,39.9229257,-75.1525267,3.5,29,2,"2015 E Moyamensing Ave, Philadelphia, PA, 19148"
UaovDcnP0QzsmGf6vXvg9w,Rocchino's,39.948818,-75.1456539,3.0,20,2,"239 Chestnut St, Philadelphia, PA, 19106"
x2J-YIFeGZ-nsezzooVA9g,Twenty 21,39.9541083,-75.1746706,3.0,8,2,"2005 Market St, Philadelphia, PA, 19103"
sdWuLh-auc0nC2Jy6_26AQ,The Black Sheep Pub & Restaurant,39.9484223,-75.1692901,3.5,339,2,"247 S 17th St, Philadelphia, PA, 19103"
AtYDSsVOZT8DLWCcTBqZmQ,Hunnies Crispy Chicken,39.9491591674,-75.1671322221,2.0,5,2,"223 S Sydenham St, Philadelphia, PA, 19102"
3CsBRtDT5WOUu8IY0mHhXw,Slices Pizza,40.0096537,-75.1954732,4.0,122,2,"4249 Ridge Ave, Philadelphia, PA, 19129"
nP4LqTcK1USiw5WnbOjW7A,Marrakesh Express,39.9567155,-75.2100343,4.5,48,2,"4407 Chestnut St, Philadelphia, PA, 19104"
1NCUTTp6rIyXpwUDVv9qOA,Lazos Pizza & Grill,39.9727751034,-75.1789870874,4.0,176,2,"2533 Poplar St, Philadelphia, PA, 19130"
OP-m-Kq-1aEWrrlaszFi9w,Ramble Pizza,39.9793657,-75.1253492,4.5,19,2,"nan, Philadelphia, PA, 19125"
rg6z4zFMxjj16qAnJ65gxg,Chevy’s Famous Thin Crust Pizza,40.0582111,-75.0868253,4.0,13,1,"7101 Rising Sun Ave, Philadelphia, PA, 19111"
mUIBtlWNPD7sz3rGGWQ1RA,Kanella,39.9463322,-75.1579478,4.5,579,2,"1001 Spruce St, Philadelphia, PA, 19107"
_FlhRk9KjdXyE0sLxUdEBQ,Commonwealth Kitchen,40.04186,-75.0275663,3.5,38,2,"8016 Frankford Ave, Philadelphia, PA, 19136"
Tdz-vjDRKI6LRzyaW3BMkg,Charlie's Roast Pork,39.9315335419,-75.1496175304,4.5,30,1,"1301 S 3rd St, Philadelphia, PA, 19147"
m4lkv5ksqtdXvlIVIftH_A,Pearl,39.9517967,-75.1722608,2.5,32,4,"1904 Chestnut St, Philadelphia, PA, 19103"
4EDFnzdMBdrL4tujAA2QZQ,Philippine Jeepney Grill,40.0575027,-75.0525701,3.5,12,1,"7927 Bustleton Ave, Philadelphia, PA, 19152"
byYUYIXVxS6IUXC42THYFw,Asian Star,40.0573352,-75.014859,3.0,5,2,"3148 Willits Rd, Philadelphia, PA, 19136"
Ydo8zFl1PaO--g5zwyVyVg,Loco Lucho's Latino Kitchen,39.9531593,-75.1590984,3.5,40,1,"51 N 12th St, Philadelphia, PA, 19107"
xruWHK8Z5N0JWyQubLHjgA,Potito's Italian American Pastries,39.9210221,-75.1744313,3.5,88,1,"1614 W Ritner St, Philadelphia, PA, 19145"
hwXDlBJdtr1cFFM8sy5oPQ,Steve's Prince of Steaks,39.9549777255,-75.199922158,3.0,11,2,"3836 Chestnut St, Philadelphia, PA, 19104"
2er_V-oAd7IbQ5YTY56r7A,Bareburger - Midtown Village,39.9489334,-75.1595088,4.0,622,2,"1109 Walnut St, Philadelphia, PA, 19107"
NjUjzEvHfyRcKI7VYwLY0Q,Cafe Habana,39.9519011,-75.175709,4.0,5,2,"102 S 21st St, Philadelphia, PA, 19103"
I5KZm-NnxYeEQsmp6nK5_w,Las Cazuelas Restaurant BYOB,39.9698623,-75.1439919,4.0,338,2,"426 W Girard Ave, Philadelphia, PA, 19123"
WJN51928dvjYmaFw-zPKXg,D'S Caribbean And American Food,40.000452,-75.1662905577,3.5,10,2,"3009 N 22nd St, Philadelphia, PA, 19132"
P8QLcGZZOPgl9w_3ARBKiQ,Hai Street Kitchen & Co,39.954687,-75.202181,3.5,100,2,"125 S 40th St, Philadelphia, PA, 19104"
89CEDMXZjJRHXGeVIWTwcA,Dae Jang Geum,40.0675529,-75.1472469,4.0,8,1,"1910 W Cheltenham Ave, Philadelphia, PA, 19138"
262I6X8Vi5PXygFmhjeLyA,Sorrento Pizzeria And Grill,39.9498507065,-75.2332982,2.0,9,1,"646 S 55th St, West Phildelphia, Philadelphia, PA, 19143"
Vq77GKtHp2nMsiKbjumgvA,Tony Express,40.004478,-75.152804,5.0,8,2,"3334 N Broad St, Philadelphia, PA, 19140"
XQ_wVhRayMJGQT9J_WANkw,4 Seasons Grill Mexican Restaurant,40.0030161,-75.1239721,4.0,12,3,"3503 B St, Ste 4B, Philadelphia, PA, 19134"
gXy0a9tOQYLGflwRtqmY5A,Camac,39.948202,-75.162588,3.0,6,2,"1305 Locust St, Philadelphia, PA, 19107"
liy3id4Wj1AaIduwETiVSQ,Sam's Pizza,40.0310045,-75.0836118,2.0,13,1,"5450 Rutland St, Philadelphia, PA, 19124"
BVe-jR0szZPC6o7r15jp4g,Enzo's,39.9505432,-75.1660506,3.5,9,2,"120 S 15th St, Philadelphia, PA, 19102"
Bih0eT_lbbCUwKmGYpX0hw,Ricci's Hoagies,39.9353601,-75.1615836,4.0,67,2,"1165 S 11th St, Philadelphia, PA, 19147"
RI33oswGDkIsc0fuQ8GzjA,Oregon Steaks,39.91579,-75.1653879,3.5,184,2,"2654 S 10th St, Philadelphia, PA, 19148"
ukt4QdEiwDubi991eF75TA,Paseo Tapas Bar,39.9684914,-75.176962,2.5,11,3,"726 N 24th St, Philadelphia, PA, 19130"
E-DcL1u330qwvoxXhipmUQ,George's Sandwich Shop,39.9388315986,-75.1579846257,4.0,93,1,"900 S 9th St, Philadelphia, PA, 19147"
GUNpbcLvHZLE3NpOifjNUQ,Slate,39.9519011,-75.175709,3.0,124,2,"102 S 21st St, Philadelphia, PA, 19103"
eFvzHawVJofxSnD7TgbZtg,Good Karma Cafe,39.9446092,-75.1578331,4.0,249,3,"928 Pine St, Philadelphia, PA, 19107"
teGUSCn6Vlrs07qIgilFHA,Oriental Kitchen,39.971725,-75.1657105,2.5,8,2,"919 N 18th St, Philadelphia, PA, 19130"
zYty3y2eQZQfdCSzyUUbzw,Valley Shepherd Creamery,39.953168623,-75.1589321091,4.5,32,2,"51 N 12th St, Philadelphia, PA, 19107"
c6r29yLfVhZaSyrtsNVLRQ,The Palace of Indian,39.9299499,-75.1629175,4.0,88,1,"1533 S 11th St, Philadelphia, PA, 19147"
mNu6xYO2bn-rvacN12h9WA,In & Out Pizza,40.0700275,-75.1575821,2.0,36,2,"7600 Ogontz Ave, Philadelphia, PA, 19150"
SIoCIxjn4jLt2O-4DajWJw,Mac's Tavern,39.949794,-75.144739,3.5,446,2,"226 Market St, Philadelphia, PA, 19106"
3kiB39JzdovdlOhQj-nMCw,Pho Hoa Noodle Soup,39.9366969,-75.1614094,3.5,116,2,"1111 S 11th St, Philadelphia, PA, 19147"
i_5PaxI8DK9EErsHBdwP1A,Tiffin-Etc,39.9701516,-75.1488281,3.0,21,2,"712 W Girard Ave, Philadelphia, PA, 19123"
xYOETY4C57qgs0ldtDYX_Q,Moon Flower House,40.0295791831,-75.0583349168,4.5,8,1,"6414 Frankford Ave, Unit 11, Philadelphia, PA, 19135"
XpTNCVbO5wL1DtDyKzKqfA,Holmesburg Bakery,40.0410115,-75.0284172,4.0,79,1,"7935 Frankford Ave, Philadelphia, PA, 19136"
eoooZrFnFZhRVuBH_LGcQw,A Taste of Jamaica,40.0638727,-75.1524294,3.5,14,3,"7169 Ogontz Ave, Philadelphia, PA, 19138"
skW4boArIApRw9DXKXukkA,Champps Penn's Landing,39.9206642975,-75.1416778564,2.5,38,1,"2100 S Christopher Columbus  Blvd, Philadelphia, PA, 19176"
6LCZLGa09Qifn6rG7-DNrg,Erawan Thai Cuisine,39.953793,-75.155832,3.5,180,2,"925 Arch St, Philadelphia, PA, 19107"
wAUkOyvAoyE6F7zuQ3g_UA,Flow State CoffeeBar,39.981907,-75.127012,5.0,25,1,"2413 Frankford Ave, Philadelphia, PA, 19125"
YSQkA13M3dVSrWynCqybaA,The Pink Dolphin,39.9665611,-75.1399345,3.0,36,2,"1001 N 2nd St, Philadelphia, PA, 19123"
J-ciDDEdIHMcChGIyKZnOg,Cake Life Bake Shop,39.970468014,-75.1345396622,4.5,241,3,"1306 Frankford Ave, Philadelphia, PA, 19125"
MKHJy86fkFnMAhZac6wuLw,Chuck E. Cheese,40.076239,-75.03146,2.5,12,2,"9175 Roosevelt, Ste 2, Philadelphia, PA, 19114"
WIv5kTb_P3jnngPkMeRRNw,Jay's Favorite Sushi Bar,39.950303,-75.166856,3.5,97,1,"1526 Sansom St, Philadelphia, PA, 19102"
C_EtrXTygRX5RTUOKtO6Dg,Copabanana,39.9515586,-75.2032578,3.0,334,2,"4000 Spruce St, Philadelphia, PA, 19104"
AbtYqoBGuvlWmR1gU0c3XA,Foodery,39.9448121788,-75.158305077,3.5,113,1,"324 S 10th St, Philadelphia, PA, 19102"
7x76ngzub3j4PijMHm71nQ,Fratelly Pizza & Restaurant,40.0478786128,-75.0593309498,2.0,20,2,"2383 Cottman Ave, Philadelphia, PA, 19149"
vA5MHe9LqNQcp8k_CaFkHg,Dagwood's Pub,40.0506387,-74.9997615712,4.0,123,3,"4625 Linden Ave, Philadelphia, PA, 19114"
gIdsoqeal31OEuBXhAaPPw,Cornerstone Inn,40.033236,-75.215314,3.5,10,2,"6080 Ridge Ave, Philadelphia, PA, 19128"
WA2dW8HafdFte-dEWStZzg,Kato's Cajun,39.9515705,-75.1680038,2.5,18,2,"1625 Chestnut St, Philadelphia, PA, 19103"
F1hbIYD1lNzbprtckd7bVg,Venuto's Old World Pizza,40.0322069,-75.2142546,3.0,5,3,"6024 Ridge Ave, Philadelphia, PA, 19128"
-OIUunijjcq_ZzyyQhPPFQ,Zorba's Taverna,39.9671642,-75.1748969,4.5,510,1,"2230 Fairmount Ave, Philadelphia, PA, 19130"
VJEzpfLs_Jnzgqh5A_FVTg,Jasmine Rice - Rittenhouse,39.9470839462,-75.1682054067,3.5,307,3,"306 S 16th St, Philadelphia, PA, 19102"
1UNorskttXSWuEcgzKzXcA,Xochitl,39.9428742,-75.1456449,3.5,453,2,"408 S 2nd St, Philadelphia, PA, 19147"
0qbMXG1Aw3a2beoQhU52lQ,Al Sham Restaurant - Philadelphia,40.0300231,-75.1803247,3.5,37,2,"306 W Chelten Ave, Philadelphia, PA, 19144"
NoaeOhk_wLceJqFruhRX1A,The Set Table,40.0098914,-75.1905348,4.0,5,2,"3572 Indian Queen Ln, Philadelphia, PA, 19129"
RVLF2RaStLkJiQCqBHknDw,Mom Mom's Kitchen and Polish Food Cart,39.9439859,-75.167449,5.0,91,2,"1505 South St, Philadelphia, PA, 19146"
D4AJVjAiJULF04BjN7bhiA,Snackbar,39.948831,-75.1740669,3.5,56,2,"253 S 20th St, Philadelphia, PA, 19103"
S0TBIuX2tkMjM0SCILJrtw,Day Break Eggs,39.9387267,-75.1923844,4.5,22,1,"2900 Grays Ferry Ave, Philadelphia, PA, 19146"
17Y8circEnkMMXKfLo8Ztg,Bitar's,39.9346516,-75.1602726,4.0,154,1,"947 Federal St, Philadelphia, PA, 19147"
z5YxP_jyIU7dRKUA7V_H0w,Cily Chicken Rice,39.955545,-75.1554729,4.5,68,2,"933 Race St, Philadelphia, PA, 19107"
DGvkU7CkdBs6lNbncQmF3A,Franklin's,40.0110062,-75.189062,3.5,129,1,"3521 Bowman St, Philadelphia, PA, 19129"
FHNIvNgh3fS7VZQq2Y3dsA,Cheu Noodle Bar,39.9467949,-75.1577025,4.0,818,1,"255 S 10th St, Philadelphia, PA, 19107"
LY6OCkHEwfZtdOoQawNkWg,Samosa Vegetarian,39.9488451,-75.1612613,4.5,74,1,"1214 Walnut St, Philadelphia, PA, 19107"
_O_KBH1MStcUkS1xk5pxsg,Franny Lou's Porch,39.9835674,-75.1293858,4.5,68,2,"2400 Coral St, Philadelphia, PA, 19125"
RjISdNawGnpjsewMTSGgsA,KASUMI SUSHI,39.9102554,-75.1869588,4.0,55,1,"2201 Penrose Ave, Ste3, Philadelphia, PA, 19145"
FsRAHiYUERqUIeGVt49svA,Qdoba Mexican Grill,39.951634,-75.1721,3.0,27,2,"1900 Chestnut St, Philadelphia, PA, 19103"
LnZvGYbqozanOSevcftnrw,HipCityVeg - University City,39.953549,-75.202991,4.0,314,4,"214 S 40th St, Philadelphia, PA, 19104"
lqBurWf5LxIhUQ0HtXTu_A,Philadelphia Cricket Club,40.0650212,-75.2065334,4.0,13,2,"415 W Willow Grove Ave, Philadelphia, PA, 19118"
RXItVN-qOBgbp_vBalAkOw,Goldie,39.953074,-75.192585,4.5,46,2,"3401 Walnut St, Philadelphia, PA, 19104"
jULIPydhMj18KOI5OHTwfA,Buena Onda,39.9609147337,-75.1708267829,4.0,552,2,"1901 Callowhill St, Philadelphia, PA, 19130"
7BmboJEmyQ_DAgTCoCgpgg,Vientiane Bistro,39.9881000819,-75.1282148436,4.5,67,2,"2537 Kensington Ave, Philadelphia, PA, 19125"
WkNJ3FnK5WVW3thVUe-WSw,Izzy's 33,39.9280043249,-75.160044618,4.5,24,2,"1703 S 9th St, Philadelphia, PA, 19148"
UjXH7iq8eYauQoGswkxGYw,Wawa,40.0607947,-75.1920424,2.5,28,1,"7236-40 Germantown Ave, Philadelphia, PA, 19119"
kkcQYuF3w5iHnHMf0EnRhQ,Joe's Steaks + Soda Shop,40.0185131,-75.0581372,4.5,380,1,"6030 Torresdale Ave, Philadelphia, PA, 19135"
Pab9VzWLe20vrdGn0rxNfQ,Ava Restaurant,39.9420412,-75.147714,3.5,9,2,"518 S Third St, Philadelphia, PA, 19147"
fnjKM583kumn7z0Z00Rc9g,Little Caesars Pizza,40.0627091,-75.1520337,3.0,5,2,"7153 Ogontz Ave, Philadelphia, PA, 19138"
LdK6Tqr9-QK8eNezCUes9A,Mel's Kitchen,40.0359954,-75.2359063583,4.5,206,1,"5001 Umbria St, Philadelphia, PA, 19128"
r2cjbHG_WGWUkaPCbLpo-A,Philly Fusion & Grill Chicken Bowl,39.962004,-75.1722752,4.0,20,2,"2000 Hamilton St, Ste 104, Philadelphia, PA, 19130"
SiHnuDYGCzm4NeMQILPyzw,Ramada Philadelphia Northeast,40.1033326,-75.0051621,1.5,10,2,"11580 Roosevelt Blvd, Philadelphia, PA, 19116"
DytKODMqcvQ7MWA0NN2uNw,Lloyd Whiskey Bar,39.9713575331,-75.127588677,4.0,210,1,"529 E Girard Ave, Philadelphia, PA, 19125"
gCcJTKC40CL0XtYYGfcXDw,Smiley's Cafe,40.024774,-75.2214354,4.5,423,1,"4251 Main St, Philadelphia, PA, 19127"
fFA6bjWbq724vB1tW4V9pQ,McDonald's,40.0503776775,-75.0094825029,1.5,15,1,"8901 Franford Ave, Philadelphia, PA, 19136"
BkzPB-keyU1Ri1Fd8YuiAw,Happy Joy Family Restaurant,39.9710521,-75.1582199,4.5,21,2,"1328 W Girard Ave, Philadelphia, PA, 19123"
pKg4NleedNE_SxkfN_NlTQ,The Original Hot Dog Factory,39.9554278,-75.1643767,3.5,30,1,"125 N 15th St, Philadelphia, PA, 19102"
wsr5zfPb6OZX4mQ7S-D8rQ,The Boilermaker,39.948104,-75.159407,4.0,35,1,"216 S 11th St, Philadelphia, PA, 19107"
3sdlpskDaXr1P59BYjGoFw,Giovani Pizza,39.9512536,-75.1661282,3.5,32,1,"1515 Chestnut St, Philadelphia, PA, 19102"
MoU6F7B9bSLG6Ykan-9G_g,Los Jimenez,39.915332,-75.1584048,4.5,28,2,"2654 S 6th St, Philadelphia, PA, 19148"
4_W5pstoN1166TGjjPOrMg,Prohibition Taproom,39.9613018,-75.1593118,4.0,618,1,"501 N 13th St, Philadelphia, PA, 19123"
OL9CgTWy7rU2eNq6F13JBg,Checkers,40.0752499144,-75.0323500112,1.5,14,2,"9173 Roosevelt Boulevard, Philadelphia, PA, 19114"
SADPX8WX34EQDj_jqtacMw,Bai Wei,39.9554771,-75.1572987,4.0,231,2,"1038 Race St, Philadelphia, PA, 19107"
HTqXI5S2XcSlh_ylx9sE6g,Termini Bros Bakery,39.9530477103,-75.1590135265,4.0,263,3,"12th St & Filbert St, Philadelphia, PA, 19107"
L6oy16zB52ZkaD6N8-D-Yg,Jeisy Grilled Chicken,40.036142,-75.174734,4.0,10,2,"5701 Germantown Ave, Philadelphia, PA, 19144"
mDd3GFkYQKXhTlpm7SHtCQ,Green Basil Thai Kitchen,39.9413000709,-75.1472321594,4.0,74,2,"240 South St, Philadelphia, PA, 19147"
NMtUD873aWrNjljt3VOcFA,Juniper Commons,39.9440648,-75.1653273,3.5,63,4,"521 S Broad St, Philadelphia, PA, 19147"
7UJZQyroV-TvndJabqiXqw,Asadero los tios,40.0568875,-75.0154664,4.5,15,1,"3087 Holme Ave, Philadelphia, PA, 19136"
HUp0fqvl0XbZmrCp5FfBjw,Fresh Gulf Seafood,39.920544,-75.188066,4.0,32,3,"2528 S 24th St, Philadelphia, PA, 19145"
YIdYc6tQIFRJPNIaPBupYQ,Zio Pizza Palace & Grill,39.955065,-75.1541846,4.0,43,1,"157 N 9th St, Philadelphia, PA, 19107"
fpde_5H6mH5ufv1tUfBAKQ,Authentic LanZhou Handpulled Noodles,39.9536866,-75.1561742,3.5,32,2,"935 Arch St, Philadelphia, PA, 19107"
j99PtxlKTW_u5alE4jiqHQ,Ralphs Italian Restaurant,39.9400584,-75.1578655,3.5,653,2,"760 S 9th St, Philadelphia, PA, 19147"
5ezrDoezdUlJpUa5Jg6dUQ,In the Valley,39.929453,-75.1636243,4.0,73,1,"1615 E Passyunk Ave, Philadelphia, PA, 19148"
4RMHlggaIdNibPUJPVEd6w,Bridgewater's Pub,39.95528,-75.18251,3.5,162,1,"30th Street Station, Philadelphia, PA, 19104"
GdqZaRx-gN8IxrmqYTXcbA,Terron,40.011687,-75.18933,4.5,65,2,"3426 Conrad St, Philadelphia, PA, 19129"
pe01uqQsa6raj-4HWRjgGg,Independence Brew Pub,39.952616,-75.159445,4.5,5,2,"1150 Filbert St, Philadelphia, PA, 19107"
WXwRcHGaV8W3twAOJtWlew,Village Burger,39.9424508214,-75.1420305669,1.5,16,2,"401 S Columbus Blvd, Philadelphia, PA, 19106"
0zWAsCBzvuCI_Ydx7yH1Jw,Shing Kee,39.9346322655,-75.1551747608,4.0,84,2,"600 Washington Ave, Ste 18 A, Philadelphia, PA, 19147"
BzQiDngZIG0MfbjJFg-yUQ,The Post,39.9524469799,-75.1836892962,4.0,46,2,"129 S 30th St, Philadelphia, PA, 19104"
Derr7dcpu_BRwl8OwGQtyg,Pizza Wings Steaks,39.960644,-75.189224,3.0,41,2,"3235 Powelton Ave, Philadelphia, PA, 19104"
pBJ9hVagqI4dwj6wPKTePA,Pita Pocket Falafel & Grille,39.9491679,-75.1677507,4.0,5,3,"218 S 16th St, Philadelphia, PA, 19102"
9hlCvuR5yqPNQZ0Dpgleug,JD's Soul Food Kitchen,39.9641219,-75.2043607,3.0,19,2,"4056 Lancaster Ave, Philadelphia, PA, 19104"
nsZMsV91PfYQ8w2lbktpjA,Non Stop Pizza & Grille,40.022248,-75.0472798,3.5,13,2,"6601 Hegerman St, Philadelphia, PA, 19135"
v7ibuvyZutqZ7pjMCH1exg,Frank's Spaghetti House,40.056184,-75.061858,3.5,43,1,"7602 Castor Ave, Philadelphia, PA, 19152"
bSWL0YxfawjS03_g2kgujA,Allegro Pizza,39.9514453,-75.2029159,3.0,221,2,"3942 Spruce St, Philadelphia, PA, 19104"
ipaHtb0jzsnzuxkjQxvxgQ,Solly Pizza,40.0618594,-75.0520111,4.0,40,4,"8108 Bustleton Ave, Philadelphia, PA, 19152"
NeY1bH6IKJxnn4YAixibsQ,Cosi,39.9536708974,-75.1949572908,2.5,115,1,"140 S 36th St, Philadelphia, PA, 19104"
woEzdPOYu5KmRHu1NjxKYw,Bottom of the Sea,39.9422163,-75.1544172,3.0,14,2,"714 South St, Philadelphia, PA, 19147"
RZtGWDLCAtuipwaZ-UfjmQ,LaScala's,39.949529,-75.152139,3.5,367,2,"615 Chestnut St, Philadelphia, PA, 19106"
alUk6OwNhofyc90NDMDY-Q,Fabio's Chicken Restaurant Takeout,40.0232879,-75.1237642,4.5,14,2,"4805 N Front St, Philadelphia, PA, 19120"
iX-B-N84nktxvhSwTYSfDw,Nauti Mermaid Crab House,39.9480691001,-75.1430340484,4.0,108,2,"110 Chestnut St, Philadelphia, PA, 19106"
eLbKuFpCtHEjCkoWkDDk7g,Trattoria Carina,39.9488052,-75.1779537,4.5,213,2,"2201 Spruce St, Philadelphia, PA, 19103"
xz3z2vqP8XkAsA11HA9pDg,Smokey Pint,40.001447,-75.07655,4.0,37,1,"2549 Orthodox St, Philadelphia, PA, 19137"
4i1to26tzHGWDpquEeazwg,Lee's Breakfast,40.0014002,-75.153227,4.0,10,2,"3152 N Broad St, Philadelphia, PA, 19132"
JZVK_yoV48O_2gDykG_1Ow,Bonks Bar,39.9863915,-75.0943523,4.0,35,2,"3467 Richmond St, Philadelphia, PA, 19134"
qfFKVxDqFbPtBTlKGQDapQ,Master Wok,39.982461,-75.156031,3.5,9,3,"1934 Liacouras Walk, Philadelphia, PA, 19122"
vCHNWdW-ys-nWUx3Cpvk8Q,Swiss Haus Cafe & Pastry Bar,39.9507452,-75.1701679,4.0,261,3,"1740 Sansom St, Philadelphia, PA, 19103"
htO_nlxkEsYHzDrtbiUxew,La Colombe Coffee,39.9506099,-75.172368,4.0,614,1,"130 S 19th St, Philadelphia, PA, 19103"
eznriqn0sKt0D594H5OCcA,La Fonda De Teresita,39.9304879336,-75.1582029462,4.0,43,2,"1446 S 8th St, Philadelphia, PA, 19147"
AxcyIxsjJbRNG2RFTguavw,Mike's Hot Dog Cart,39.9223806,-75.1869289,5.0,22,1,"24th & Passyunk Ave, Philadelphia, PA, 19146"
zNi8ceY3sLBXZoTUstjrvg,Burger Lane,39.9973553,-75.1669794,2.0,14,3,"2805 N 22nd St, Philadelphia, PA, 19132"
7crp8LZA4HbkMAKyh8Wcdg,Romano's Pizza Express,39.9952251,-75.1393742,2.5,24,1,"2901 N 5th St, Philadelphia, PA, 19133"
ihXHRu99MxQDiy_p1FKqhQ,Philly's Finest Pizza,40.0681765,-75.068702,4.5,23,1,"7962 Dungan Rd, Philadelphia, PA, 19111"
NBlB85ch_WCxYJ4fPWHxJA,MexiCali,39.954940073,-75.2023024894,4.5,50,2,"38th & Walnut, Philadelphia, PA, 19104"
ldTsXru9q1V-aC6iM7BH-w,Subway,39.9824443591,-75.1559102741,1.5,6,2,"1936 Liacouras Walk, Philadelphia, PA, 19122"
9gObo5ltOMo6UgsaXaHPWA,R2L,39.9516172612,-75.167190457,3.5,787,2,"50 S 16th St, Fl 37, Philadelphia, PA, 19102"
Z5po0aTuzKKblek5y6Sp8Q,500 Degrees,39.9503631,-75.1662246,3.5,443,2,"1504 Sansom St, Philadelphia, PA, 19102"
GzWIBhi32It2LMgX2-c_hA,Justin's Snack Corner,39.9502962,-75.2266546,4.5,7,2,"601 S 52nd St, Philadelphia, PA, 19143"
L2pmVQMrpY-yZwZkZoRt5g,Giovanni's Pizzeria,40.0334795,-75.1758562,2.5,46,1,"5604 Greene St, Philadelphia, PA, 19144"
fAKJLkzh71-K8ra82xZJWw,Liberty Bar & Grill,39.9538230896,-75.1769866943,4.0,69,1,"2204 Market St, Philadelphia, PA, 19103"
bFO_XYnYMDF1GMY9LK3oxQ,Otolith Sustainable Seafood,39.9842403,-75.123013,5.0,10,2,"2133 Huntingdon St, Philadelphia, PA, 19125"
vR9SKMvXCXyrl6u5ouWHBQ,Chan's Halal Restaurant,39.9798334,-75.232945,3.0,44,1,"5500 Lancaster Ave, Philadelphia, PA, 19131"
R76nXl5oTep-d1ZGPZSimQ,Trio Breakfast & Lunch,40.03145806,-75.1788476379,3.0,35,1,"5548 Wayne Ave, Philadelphia, PA, 19144"
MN-Em6pY0ZXZQsLv6uBhrA,Asian Garden,39.9576083,-75.2036365,3.0,10,2,"4047 Market St, Philadelphia, PA, 19104"
NB9wGhMqy27suWqNzk3laA,Ariana,39.9481961938,-75.1437439718,4.0,115,1,"134 Chestnut St, Philadelphia, PA, 19106"
HSXvx9ajd9cGDzYIScmrig,TyeMeka's Soul Food,40.0381549,-75.1769466,3.5,27,2,"5920 Germantown Ave, Philadelphia, PA, 19144"
eaDZlSuVS0EY67Ke6pRP6Q,Penang,39.954044,-75.15598,3.5,1112,1,"117 N 10th St, Philadelphia, PA, 19107"
1wwH1dnkTtDnCfpHORlgBQ,Mommy Telly's Famous BBQ,39.9565322,-75.1891783,5.0,14,2,"23 N 33rd St, Philadelphia, PA, 19104"
9iBlpXwgBFLVnx6RmHsiCQ,Foods On First,39.954879,-75.1644704,3.5,96,1,"1429 Arch St, Philadelphia, PA, 19102"
BJphaOPeTtqUFF5pauQEhw,Los Caballos Locos,39.9179108,-75.1491694,4.5,31,1,"101 W Ritner St, Philadelphia, PA, 19148"
eMiN8nm70jjKg8izikVWDA,Chickie's & Pete's,39.9114175,-75.1745111,3.5,590,2,"1526 Packer Ave, Philadelphia, PA, 19145"
tJCnUtGdyPyOGt5kudLrTA,Wise Guys Pizza & Steaks,39.95703,-75.203031,3.5,22,2,"4026 Market St, Philadelphia, PA, 19104"
QjktE2M71v56CVHERuyiTg,Layalena Hookah Lounge,39.962279,-75.141283,4.5,21,2,"708 N 2nd St, Philadelphia, PA, 19123"
CldkS_vTY-vQKYw3LPXpuw,Domino's Pizza,40.0275052,-75.2094578,2.0,40,1,"5711 Ridge Ave, Philadelphia, PA, 19128"
JUlsvVAvZvGHWFfkKm0nlg,El Camino Real,39.9673004,-75.1403984,3.5,1014,3,"1040 N 2nd St, Philadelphia, PA, 19123"
I9DCtzUgR4gamBFMVsdY8g,Capital Beer,39.976126,-75.119234,3.5,75,3,"2661 E Cumberland St, Philadelphia, PA, 19125"
GYAX9mPGYx9VfwDiuIl_9Q,Nhu Y,39.938591,-75.156532,4.0,79,1,"802 Christian St, Philadelphia, PA, 19147"
-qZ3GVQpEa02BXg1ehzaMQ,Cloud Factory Hookah Lounge,39.9467814,-75.1611265,2.0,15,3,"1201 Spruce St, Philadelphia, PA, 19107"
VRnJgj0IvxoksHppE78X2Q,Lee How Fook,39.9562631,-75.1570795,4.0,231,2,"219 N 11th St, Philadelphia, PA, 19107"
Abejc-Rwq-73V95830wQPg,Surf and Turf Market,40.0741932,-75.2030576,4.0,5,2,"8229 Germantown Ave, Philadelphia, PA, 19118"
Zh8X1au_crT9jBs2LlPb2Q,Aldine,39.9519296405,-75.1721942396,4.0,156,1,"1901 Chestnut St, Philadelphia, PA, 19103"
EtKSTHV5Qx_Q7Aur9o4kQQ,Village Whiskey,39.9514165949,-75.1737677917,4.0,1553,3,"118 S 20th St, Philadelphia, PA, 19103"
99zoELPcbwRBUqiPoaPqiQ,Bold Coffee Bar,39.9699772,-75.1639247,5.0,28,2,"1623 Ridge Ave, Philadelphia, PA, 19130"
DXYhpEv17mWqSqFjau7vhg,Eatalia,39.9749514719,-75.1184531736,4.0,166,1,"2723 E Cumberland St, Philadelphia, PA, 19125"
Gw7UW0E2BguzL9suQnwDeg,SPOT Gourmet Burgers,39.9747101233,-75.1825701445,4.5,282,2,"2821 W Girard Ave, Philadelphia, PA, 19130"
HG0Djdv_hQwFeE_-R2XFaA,Federal Donuts,39.951007,-75.159898,4.5,51,1,"21 S 12th St, Philadelphia, PA, 19107"
f88P1gIbRpRzsYAHj9hGdA,Sid Booker's Shrimp,40.0233829,-75.1483587,3.5,59,2,"4600 N Broad St, Philadelphia, PA, 19140"
dWoYU1l6t7_VB2LHYLHxmw,Olde City Food Market,39.949726,-75.1440717,3.0,29,2,"202 Market St, Philadelphia, PA, 19106"
eeKJYP614nNnDwnjKpl7XA,Punch Buggy Brewing,39.9736435923,-75.1395907626,4.0,24,1,"1445 N American St, Philadelphia, PA, 19122"
2SYEGA2fZLdzZQ9lmIfM5Q,Urban Village Brewing Co,39.9667,-75.13997,4.0,221,2,"1001 N 2nd St, Philadelphia, PA, 19123"
5K_9ViMBVdlpV-jK4v_fLg,City Grange,39.951931,-75.1679499,3.0,7,1,"99 S 17th St, Philadelphia, PA, 19103"
u7_3L1NBWgxhBM_B-cmmnA,Pizzeria Vetri,39.960888,-75.171213,4.0,651,2,"1939 Callowhill St, Philadelphia, PA, 19130"
GK-IbObdUilYtlfgqnQ1Kw,Lemoncello Restaurant Philly,40.0258777,-75.1325899,4.5,6,2,"4903 N 5th St, Philadelphia, PA, 19120"
x1CpCXik31TwTtMPMcrcug,"A Tutti, Ristorante Italiano",40.018238,-75.2115092,4.5,78,3,"5154 Ridge Ave, Philadelphia, PA, 19128"
DfIZd-uCYMBOXfFOvnAeZQ,2 in One Cafe,40.0195284,-75.1745343,3.0,12,2,"5045 Wissahickon Ave, Philadelphia, PA, 19144"
EAtdpksdWfWAaqh3XdnNNg,Essene Market & Café,39.9399804,-75.1492562,3.5,149,1,"719 S 4th St, Philadelphia, PA, 19147"
uVJkqQ1U9MH7hBorrwGhBg,Wishbone,39.9539029,-75.204325,3.5,191,2,"4034 Walnut St, Philadelphia, PA, 19104"
YtSqYv1Q_pOltsVPSx54SA,Rittenhouse Grill,39.9489487,-75.1695317,3.5,290,1,"1701 Locust St, Philadelphia, PA, 19103"
JbKTtN9goxrWEvuGmE4FOQ,Pizza Hut,39.9914698988,-75.0997334182,3.0,10,2,"3451 Aramingo Ave, Philadelphia, PA, 19134"
pHBwvBG3iZdOfpLNZTkVWQ,Pasqually's Pizza,39.9545323,-75.2089392,4.0,96,2,"200 S 43rd St, Philadelphia, PA, 19104"
skIhu9uQsD1JZwGakjXNJw,Wings To Go,39.958405,-75.163972,3.5,10,1,"1439 Vine St, Philadelphia, PA, 19102"
zLRRim8tu00cvU7QjAJAmQ,Convenient Food Mart,39.946666,-75.163993,4.5,12,1,"1326 Spruce St, Philadelphia, PA, 19107"
dm9UbH8XPAP6735lHRYILA,Ruby's Roof Jamaican Restaurant,40.0382907,-75.1303845,1.0,5,2,"5706 N 5th St, Philadelphia, PA, 19120"
Q9T9PKQZSs571tS0lQLoIg,Koliyan,39.9383502,-75.153168,4.0,5,2,"806 S 6th St, Philadelphia, PA, 19147"
AHqYW_taqAvhBkYBElkcTQ,Boom Buns,40.0428555,-75.0737309,4.5,25,1,"6649 Castor Ave, Philadelphia, PA, 19149"
TVe1FyolMt9xjBtY7oMTOQ,Pitruco Pizza Franklin's Table,39.9529913,-75.1922872,4.5,11,1,"3401 Walnut St, Philadelphia, PA, 19104"
KnyuQ1D7QE7X8eMk8T3kTA,Tasties,40.0317308,-75.1677993,2.5,63,3,"5241 Germantown Ave, Philadelphia, PA, 19144"
45pdkf09S5VaM0CN60g9Ow,Sunrise 2 Authentic Thai Food,39.9694197,-75.1320426,4.5,10,4,"250 E Girard Ave, Philadelphia, PA, 19125"
70STxTke5G_Y5e-W9xcGdw,Big Geez Chicken Shack ,39.9556563,-75.2255038,3.0,19,1,"5148 Locust St, Philadelphia, PA, 19139"
QvjY9esYNRMe_5kvT6TC5g,Chaat and Chai,39.9245858,-75.1726715,4.0,50,1,"1532 Snyder Ave, Philadelphia, PA, 19145"
OKPUO8zvBBL-OA6-SfDx8Q,Heirloom Fine American Cookery,40.077882,-75.2088615,4.0,87,1,"Top of the Hill Plaza, 8705 Germantown Ave, Philadelphia, PA, 19118"
TQloD2_k3J67Q1J_picgfw,Wawa,39.9771998493,-75.1184864286,2.5,43,2,"2535 Aramingo Ave, Philadelphia, PA, 19125"
7vSahcMGVWAra7M1RkwH0Q,Big Boyz,40.0513054696,-75.0666264582,3.5,22,2,"1940 Cottman Ave, Philadelphia, PA, 19111"
wUnLSg_GKfEIQ5CQQ770_g,Vetri Cucina,39.9466441,-75.1631867,4.5,489,2,"1312 Spruce St, Philadelphia, PA, 19107"
vOa5-do5qhRMGWhn_x0_Vw,Amato's Deli Restaurant,39.913208,-75.17467,2.5,5,2,"3000 S Sydenham St, Philadelphia, PA, 19145"
f96nmEyl3mNec9HrMZSSVQ,Mom's Bake At Home Pizza,40.0736927,-75.1978144,4.5,7,1,"219 E Willow Grove Ave, Philadelphia, PA, 19118"
LWxC1AisOHQV-cfo5tprLQ,Burrito Bonito,39.9496713,-75.1442542,3.0,24,2,"212 Market St, Philadelphia, PA, 19106"
aVRVBncwdK3GrqLKLFPKAg,Paradise Pizzeria,40.0091223,-75.1004709,1.0,5,2,"1363 E Lycoming St, Philadelphia, PA, 19124"
DRr5xdfHtqgWfhmdTU1B8Q,London Grill,39.9675638,-75.1754915,3.0,350,1,"2301 Fairmount Ave, Philadelphia, PA, 19130"
_RwlMTw9uFeOkfX9Ctf1HA,Dinardo's Famous Crabs,39.9540048,-75.1454969,2.5,256,1,"312 Race St, Philadelphia, PA, 19106"
4-TKASCNK5-XBWdXmeXWbA,Wawa,39.950533787,-75.1619937165,2.5,21,2,"1300  Chestnut St, Philadelphia, PA, 19107"
L3V21nAe-CicW2bvtNWa0g,Mixx Japanese Cuisine and Noodle Bar,39.953333,-75.156571,3.0,118,2,"1002 Arch St, Philadelphia, PA, 19107"
45tvAZaoMo0VhsJvPHf9sw,Lite Choice,39.9497521,-75.1674681,3.0,29,1,"1528 Walnut St, Philadelphia, PA, 19102"
FBof1_DJG-IMRdk6WmY2IA,Poke Burri,39.9467455,-75.1575593,4.5,53,2,"255 S  10th St, Philadelphia, PA, 19107"
SjS7bdnS3KAkhq5bWut9XQ,Toscanini Grill and Pizza,39.9839188,-75.1198871,3.0,9,2,"2200 E Lehigh Ave, Philadelphia, PA, 19125"
ue3FLSX9zINnCInCw-ilEQ,Jade Palace,39.9268645,-75.1542417,5.0,6,3,"1714 S 5th St, Philadelphia, PA, 19148"
u3Krpt7IdsJ26jj83uwNBQ,Rock N' Rolls Egg Rolls,39.9705409,-75.1577989,4.0,19,2,"1308 W Girard Ave, Philadelphia, PA, 19123"
GFBuCSY2jMRzg-E7Zhg1SA,Don Panchito Mexican Grill,40.0693548,-75.0084942,4.0,82,3,"3180 Grant Ave, Philadelphia, PA, 19114"
P1DkSlegzHKdxJAXe0QevA,Kumo Hibachi Sushi,39.9571569052,-75.208009522,3.5,39,3,"17 S 43rd St, Philadelphia, PA, 19104"
32m9wJDqmjKrG2Jnn0QlCA,Spice Mandarin Cuisine,40.0414916,-75.0648356,3.5,12,1,"6836 Bustleton Ave, Philadelphia, PA, 19149"
_9x1oSQghxEPuUeb5NPShw,Fez Moroccon Restaurant,39.9405590859,-75.1458802706,3.0,147,2,"620 S 2nd St, Philadelphia, PA, 19147"
mQ6GtJxjHZndqKSRieiBLg,Mexican Grill Stand,39.979529,-75.155748,4.5,8,3,"1736 N 13th St, Philadelphia, PA, 19122"
PKrOUk8IXuiRWN-z6uR_xw,Village Bar and Kitchen,39.9400552,-75.1509519,4.5,22,2,"705 S 5th St, Philadelphia, PA, 19147"
GmJDCmDhtKbjofeO35yBrw,The Freshworks of Port Richmond,39.97961,-75.117647,4.5,66,2,"2634 Belgrade St, Philadelphia, PA, 19125"
8Ak2iPlR4fCziMQZ11ohAA,Les Bons Temps,39.949854,-75.160596,3.5,12,2,"114 S 12th St, Philadelphia, PA, 19107"
SfUgDt8-6GAVTuwBMnedgQ,Wawa Food Markets,40.1319593894,-75.0115236634,3.5,9,2,"14101 Bustleton Ave, Philadelphia, PA, 19102"
U09S6VSTWCKteCDa72Td7Q,Watami Sushi & Hibachi,40.103147,-75.0102491,4.5,22,3,"11000 Roosevelt Blvd, Ste 154, Philadelphia, PA, 19116"
Hv8nT4XiAvIW4PEwBvykPg,Roula's Pizza,40.042051,-75.1802359,2.5,7,2,"6200 Germantown Ave, Philadelphia, PA, 19144"
1_BzX6o0O6w_9yx9NczMrg,Wawa,40.0403385055,-75.2234230242,3.5,48,1,"6701 Ridge Ave, Philadelphia, PA, 19128"
3pbc89Mbi-L7HjuAw-DQfw,Common Grounds Philly,39.9790629,-75.162316,2.5,36,2,"1626 Cecil B Moore Ave, Philadelphia, PA, 19121"
uBDXcXlLR9IuRV1N2m0SPQ,Pho Street,39.9536619,-75.1754204,4.0,150,1,"2104 Market St, Philadelphia, PA, 19103"
H4t7YAtaDQ8bKOW452zSaA,Kopi Latte,39.9709602,-75.1274537,4.5,59,2,"530 E Girard Ave, Philadelphia, PA, 19125"
rz_an69uzlVtRzkRSMqrsw,China House,40.0631649,-75.1519159,2.5,14,1,"7141 Ogontz Ave, Philadelphia, PA, 19138"
IAyHcNx5IHoLf3V4dlgFCw,Pagoda Noodle Cafe,39.9474496788,-75.1439342278,3.0,100,2,"125 Sansom Walkway, Philadelphia, PA, 19106"
pVHbXwsqLxNzAx9rdwy2EA,Marmont Steakhouse & Bar,39.9497397,-75.1445806,3.5,316,1,"222 Market St, Philadelphia, PA, 19106"
mDplRQe0GajH76EzHJhucQ,New Lee's Chinese Restaurant,40.0643495083,-75.021128657,3.0,12,2,"9220 Ashton Rd, Philadelphia, PA, 19114"
5FuQbcHTF_I7PWJzhCMObw,Larry's Steaks,39.9958264,-75.233934,3.0,204,2,"2459 N 54th St, Philadelphia, PA, 19131"
nB9dev-4Wzxo4NHJkQQmUQ,Market on Ninth,39.9378087,-75.1579422,4.5,38,2,"943 S 9th St, Philadelphia, PA, 19147"
bGBK1r0I46Oc8eU8fNc0bg,Wawa,40.0688844854,-75.0052062453,3.5,8,2,"3341 Grant Ave, Philadelphia, PA, 19114"
1I58IN0Ar5Qd3WnE1smgVg,Pikes Corner,40.066525,-75.158273,3.5,13,1,"1940 E Washington Ln, Philadelphia, PA, 19138"
Pyr5bTFM3PJtphoWDtIYlQ,Tiedhouse,39.9628296,-75.1719117,3.5,6,1,"2001 Hamilton St, Philadelphia, PA, 19176"
faSi7EoZ38xMPJEpp7-pqg,Algorithm Restaurants,40.116933,-75.355294,5.0,10,2,"nan, Philadelphia, PA, 19125"
QyWxTsVvvqSEpU1KNblRbQ,Say Cheese,39.9613329598,-75.1550674438,4.0,34,2,"nan, Philadelphia, PA, 19104"
nOVUeN4lQAnrwskMMJ4nEw,Pho Mi Rittenhouse,39.9517712444,-75.1737245,5.0,20,2,"106 S 20th St, Philadelphia, PA, 19103"
zBOy9arp97nuwKuTal5Mkg,New Number One Chinese Restaurant,39.9551025,-75.208546,2.5,40,2,"4251 Walnut St, Philadelphia, PA, 19104"
w_JNBcdRer2wZlKMiC4hHA,Flannel,39.9272227151,-75.1663260162,4.5,113,1,"1819 E Passyunk Ave, Philadelphia, PA, 19148"
MbKhuO-4uYPc0NRZDRWoew,MexiCali,39.95499,-75.202699,3.5,69,2,"110 S 40th St, Philadelphia, PA, 19104"
1ENdYUfYzDu9yyI3-MVklA,Boostin' Bowls,40.0261216129,-75.2246050321,4.5,77,1,"100 Levering St, Philadelphia, PA, 19127"
FfF-juvpvrF9T4670vCrXA,Wingstop,40.0442404,-75.2317485,3.5,6,2,"7124 Ridge Ave, Ste 10, Philadelphia, PA, 19128"
3ZynJ94VpIdDlaArmEp2Rg,More Than Just Ice Cream,39.947791,-75.1603392,3.5,239,3,"1119 Locust St, Philadelphia, PA, 19107"
Xkn6vebYLTY1aCe2J07MfA,Heffe,39.963057286,-75.1643311232,2.5,61,3,"1543 Spring Garden St, Philadelphia, PA, 19130"
LfrCUDzg66jncxLvNxBnlg,Bocconcini,39.9453439,-75.1642327,4.5,163,2,"1334 Pine St, Philadelphia, PA, 19107"
PjknD8uD_0tisZQbomiYoQ,McDonald's,39.9498587626,-75.1695573452,2.0,48,1,"1706 Walnut St, Philadelphia, PA, 19103"
Waz1bXpzTgfB9DOouGjJ2Q,Midori Sushi,39.9423842,-75.1507361,5.0,18,2,"516 S 5th St, Philadelphia, PA, 19147"
tm94_vqmMMeAv01L-7FJzQ,Mayura Indian Restaurant,40.086176,-75.045126,4.5,19,2,"9321-23 Krewstown Rd, Philadelphia, PA, 19115"
cXSyVvOr9YRN9diDkaWs0Q,Honey's Sit-N-Eat,39.96399,-75.1444822,4.0,1396,2,"800 N 4th St, Philadelphia, PA, 19123"
H9YalVFugskHF38MfJWT_w,@Ramen,39.950475902,-75.1677184179,2.5,12,2,"1608 Sansom St, Philadelphia, PA, 19103"
6g3pHoyXeMXFC7WD0rbJMA,Happy Panda,40.1013209,-75.0287078,3.0,14,2,"9969 Bustleton Ave, Philadelphia, PA, 19115"
x03j48hmv0R7NQcUjD0MQg,Naf Naf Grill,40.0074349,-75.2124437,3.5,78,1,"4040 City Ave, 2B, Philadelphia, PA, 19131"
Su_KoRa64akK19myzyK3xA,Tre Scalini Ristorante,39.9262103,-75.1675231,3.5,159,2,"1915 E Passyunk Ave, Philadelphia, PA, 19148"
_hsEJv3KtH5Vwp2b14wCAQ,Cherry Lounge,39.9560366,-75.1591747,3.0,11,2,"1201 Race St, Philadelphia, PA, 19107"
-ATiAtTikuGuqvaW2O6tNA,Marathon,39.9504833638,-75.1673305865,3.5,593,2,"121 S 16th St, Philadelphia, PA, 19102"
oqkbdfrXNcFNJBTSFu8RjQ,Friendly Grocery,39.9296512,-75.1707949,4.5,5,2,"1515 Morris St, Philadelphia, PA, 19145"
xCXGV3wEvYd4xBGx8ZRFQA,La Va Cafe,39.9449991381,-75.1770997246,3.5,201,2,"2100 S St, Philadelphia, PA, 19146"
Fc_8eLlcq5yy4DzrEeqEaQ,Ken's Seafood Restaurant,39.9551567,-75.1562026,3.0,95,1,"1004 Race St, Philadelphia, PA, 19107"
M-qVYCSpKlNlxKWEq6vraw,North by Northwest,40.060177,-75.190676,3.0,7,2,"7165 Germantown Ave, Philadelphia, PA, 19119"
OG8er33dEnzM1Bc9nErUmA,1 Stop Pizza,40.0093835,-75.1506617,3.5,8,1,"3701 Germantown Ave, Philadelphia, PA, 19140"
NwNGKIf_eQwvr6tzFX6eRA,ShopRite of Whitman Plaza,39.9143301122,-75.1531118029,2.5,43,2,"330 Oregon Ave, Philadelphia, PA, 19148"
WpxcyiUAYYQAnivqz62JtA,3J's Food Market,39.9629932991,-75.1406934857,4.5,46,1,"801 N 2nd St, Philadelphia, PA, 19123"
FU6CaKb9hePVMAsXO5W6pw,Aya's Pizza,39.915063,-75.240049,2.5,30,2,"7144 Elmwood Ave, Philadelphia, PA, 19142"
REt83ozDeIl6fCYZuAjNrA,Tran's Chinese Food Cart,39.96009,-75.189482,4.0,19,2,"216 N 33rd St, Philadelphia, PA, 19104"
D4PD-ZKV06keByyoouJzhg,Mack's Boardwalk Pizza,39.9156866,-75.1640201,3.0,51,1,"2700 S Hutchinson St, Philadelphia, PA, 19148"
j_dA2oE0St07hd7bqLKgBg,To-Yo Japanese Restaurant,40.1246991,-75.0155235,4.0,43,1,"13032 Bustleton Ave, Philadelphia, PA, 19116"
k3SZAPbt-Kt8lbibHK5pOQ,Wings & More,39.9362327,-75.1586195,3.0,6,1,"900 Washington Ave, Philadelphia, PA, 19147"
TCdNYh5tdjoNmA1WMx3ZPg,Roselena's,39.929374,-75.1638426,4.0,10,2,"1623 E Passyunk Ave, Philadelphia, PA, 19148"
D4DZztR7vkbiED6txGUYFg,Red Kings 2 Restaurant,39.9553515,-75.1562283,3.5,68,2,"1006 Race St, Philadelphia, PA, 19107"
utzJv6jAHhsWT3tAz5kesw,Miami Cafe,39.941958,-75.15019,3.0,7,1,"429 South St, Philadelphia, PA, 19147"
AlxnbBd2JNkozNvI0OvRLQ,Murph's Bar,39.9689397,-75.1334333,4.0,315,2,"202 E Girard Ave, Philadelphia, PA, 19125"
NXwEDLZjv8dUqbc5g5dCYg,Abunai Poke,39.9497563,-75.1480623,3.0,20,2,"111 S Independence Mall E, Philadelphia, PA, 19106"
GYn2pPeu3rwIcWmo1m1nmA,Subway,39.9510096,-75.1674321,3.0,10,2,"106 S 16th St, Philadelphia, PA, 19102"
paO0ETshl56TNSaEyzm9Cw,Brodo,39.9521366,-75.170218,3.0,33,1,"31 S 18th St, Philadelphia, PA, 19103"
hoYHhfn4w0mVjI60eHDHzA,Poke Bowl,39.965637,-75.140681,4.0,194,1,"958 N 2nd St, Philadelphia, PA, 19123"
IH_ZeeTh13jQURbh31d1Kw,Bui's,39.9512903,-75.1992768,4.5,104,2,"38th St & Spruce St, Philadelphia, PA, 19195"
u-8sFq05DQ6PYCR5HiKZ2w,Axis Pizza,39.9553365,-75.1946097,3.0,159,2,"20 S 36th St, Philadelphia, PA, 19104"
5oARHKPqDvT4x5blRvPjXg,New Tavern Bar,39.9542243,-75.212136,4.0,10,1,"232 S 45th St, Philadelphia, PA, 19104"
4TRaSx4vcKfhm9Jx-heiqg,Cleopatra Cafe,39.9563712,-75.2061225,2.0,56,1,"4145 Chestnut St, Philadelphia, PA, 19104"
-CRjqZ4GxZ6lIa_qMj7-yw,Spring Chinese Restaurant,39.9602344,-75.1966365,3.5,58,3,"3739 Lancaster Ave, Philadelphia, PA, 19104"
uIZwBkvWicqyWraXvYOipw,Sbraga,39.9455017733,-75.1653677598,4.0,375,2,"440 S Broad St, Philadelphia, PA, 19146"
GneLbZUn_GrzMz-GE6KfRg,Wawa Food Markets,39.9622478,-75.1729739,4.0,15,3,"401 N 21st St, Philadelphia, PA, 19130"
krTHKI0YOpASr4gz2CVWFw,Cosi,39.9481797,-75.1660502,2.5,56,2,"235 S 15th St, Philadelphia, PA, 19102"
cYU-9JM4x4ra-aCxbgtxfg,Mayfair Pizza,40.0384395,-75.0368603,3.5,11,2,"7424 Frankford Ave, Philadelphia, PA, 19136"
udsU77Rh2wAN7tEOmIUY7w,Binto,40.0256599048,-75.2235197648,4.0,25,2,"4345 Main St, Philadelphia, PA, 19127"
Oun4NN-u5yiHIxDqtJnxgA,Federal Donuts,39.932223,-75.147463,4.0,530,3,"1219 S 2nd St, Philadelphia, PA, 19147"
IV9Zoou8edeyGZqaUQ2c7Q,Domino's Pizza,39.992732,-75.100242,1.5,45,2,"3400 Aramingo Ave, Philadelphia, PA, 19134"
cPDX2Y4H0fks-Qj5tfBduA,Tartes Pastry Shop,39.9518037,-75.1438627,4.0,181,1,"212 Arch St, Philadelphia, PA, 19106"
9c7MUiE6VI8NesjPdj5FkA,Bubblefish,39.9536791,-75.1551081,4.0,544,1,"909 Arch St, Philadelphia, PA, 19107"
hKAh9ngwQ4pLpn8KfP3G_g,Wahoo's Fish Taco,39.9535917,-75.1871746,3.5,133,2,"3180 Chestnut St, Philadelphia, PA, 19104"
ldr7iDtxFXX-q7tJuXqlGQ,Revolution House,39.9497082,-75.1439349,3.5,554,2,"200 Market St, Philadelphia, PA, 19106"
dIuZ9SDAkiFzg1yuA8RkeA,Mediterranean Banquet Hall,39.9253058646,-75.1732910797,5.0,10,1,"2033 S Bancroft St, Philadelphia, PA, 19145"
oa5h-kz5oFYHBKpasKYXQw,Charlie Gray's Rib Crib,40.0445681,-75.1813871,4.0,49,2,"6333 Germantown Ave, Philadelphia, PA, 19144"
VoIX90UM5jwD7FSMAMCwrw,Johnnie's Italian Restaurant,40.0227483,-75.0634418,4.0,17,2,"4201 Comly St, Philadelphia, PA, 19135"
S8ZFYEgMejpChID8tzKo9A,Amada,39.9485863525,-75.1449131188,4.0,2109,1,"217 Chestnut St, Philadelphia, PA, 19106"
OoFCe8VbzzCr88SGC08omw,Buk Chon Korean Cuisine,39.9482156,-75.143697,4.5,221,1,"132 Chestnut St, Philadelphia, PA, 19106"
RLtlS9CJlyGU3WIOLHxLwQ,Oishii,39.948271,-75.1438587,4.5,28,1,"138 Chestnut St, Philadelphia, PA, 19106"
BOUmrR6yo4cjeDJn-l_zFg,Dream House Asian Bistro,40.0343850509,-75.2161171262,3.0,140,2,"6127 Ridge Ave, Philadelphia, PA, 19128"
mrMNJ_g5qF2PRT7NP-ZLjA,Pho Nam Vietnamese Restaurant,40.0392904629,-75.1080869401,4.5,23,1,"501 Adams Ave, Philadelphia, PA, 19120"
CSCm7XPkoz72Ovfa0ugu7Q,Maplewood Nutrition & Dietary Food Shop,40.0334158,-75.1754611,5.0,6,2,"51 Maplewood Ave, Philadelphia, PA, 19144"
p1PQZFieSwQVd3PPtuaL8A,Core De Roma,39.9410667419,-75.146232605,4.0,76,2,"214 South St, Philadelphia, PA, 19147"
3wg8xiywSGA96DWCF0WOLw,Jimmy G's Steaks,39.9662097908,-75.1603736876,4.0,300,3,"695 N Broad St, Philadelphia, PA, 19123"
_f3JQU6IXpGmTLaSqGy79g,BRÜ Craft & Wurst,39.9503152253,-75.1624865435,3.5,526,1,"1318 Chestnut St, Philadelphia, PA, 19107"
U0voDyTp7mD1poGc1lTcCw,Pete's Pizza,39.9589789749,-75.2412560129,2.0,28,2,"201 S 60th St, Philadelphia, PA, 19139"
qtNCq2sRvDFHZK9V8kKYoQ,Master Wok,39.9523553233,-75.168056685,3.0,22,2,"1625 Chestnut St, Ste F11, Philadelphia, PA, 19103"
mzJ7BxxhLtm-TD1vyne1yg,Neighborhood Ramen,39.9408923,-75.147458,4.0,99,1,"617 S 3rd St, Philadelphia, PA, 19147"
P-wxKPAdWaU7tsCdA5ZfGQ,Saladworks,40.0730228774,-75.0350286614,3.5,29,2,"2508-10 Welsh Rd, Philadelphia, PA, 19152"
0o8k654DD4h8ywBOXP1GRA,El Purepecha,39.9581334616,-75.158424899,4.5,239,1,"315 N 12th St, Philadelphia, PA, 19107"
sodCONXD2u4ljoK2c_W5OA,Fan's Cafe,39.9254329,-75.177009,4.0,6,2,"1835 Snyder Ave, Philadelphia, PA, 19145"
c3j1irGxpIJ-8RmMBnyXxg,Posh Fuel and Food,40.0689365111,-75.2402465477,2.5,6,2,"8901 Ridge Ave, Philadelphia, PA, 19128"
VBBIPqGtWzZRP6pA3F6oHQ,Sarah & Sylvia's Soul Food,39.9583988,-75.2080055,3.0,5,1,"43 N 43rd St, Philadelphia, PA, 19104"
VEJKp3OEePyqnez_GrmamQ,Omega Pizza & Restaurant,39.9978235,-75.1109507,3.0,44,2,"2145 S St, Philadelphia, PA, 19146"
RRIJlZUVvz2CkMrDn2UziQ,El Merkury,39.952185,-75.1758693,4.5,162,2,"2104 Chestnut St, Philadelphia, PA, 19103"
ZTD_xSBxv07aa5fFsYwTEA,Vito's Pizza & Grill,39.9961753,-75.1537113,2.5,11,1,"2821 N Broad St, Philadelphia, PA, 19132"
hJofmH7_OYwwCGeFVPBSvw,Under the C,39.954703,-75.1684962,4.0,27,2,"1701 John F Kennedy Blvd, Philadelphia, PA, 19103"
p9LOhswQql09-yPtF4jsZQ,The Whiskey Tango,40.1312728,-75.01315,2.5,10,2,"14000 Bustleton Ave, Philadelphia, PA, 19116"
MMmAjGRH4KRXrGbKO9cseA,Sakeya Japanese Restaurant,39.947954,-75.165882,3.0,25,1,"1420 Locust St, Philadelphia, PA, 19102"
mJ_itjZYQ_OA71q2NaWE4Q,Carangi Baking,39.9166328,-75.1685035,4.5,34,2,"2655 S Iseminger St, Philadelphia, PA, 19148"
0m5uP9SGYT7w6liaBROwXw,Ground Up Coffee Shop,39.9260608,-75.1681768844,4.5,24,3,"1926 E Passyunk Ave, Philadelphia, PA, 19148"
HRImZ4HeqDJQ5hxSMMlW6w,Machismo Burrito Bar,40.0250919,-75.2231789,3.5,104,1,"4330 Main St, Philadelphia, PA, 19127"
YRw-uBpdzRZngN6zzoC4WA,Hurricane Alley,39.9415588259,-75.1489446239,3.5,13,1,"340 S St, Philadelphia, PA, 19147"
aaqm5vJvVj3vyMeGwPqxEw,Side of the Road Jerk Chicken,40.0546082,-75.1545153,4.0,51,3,"6554 North Lambert St., Philadelphia, PA, 19138"
QzFEjzRuC3C6XNSsfVM33g,Lechonera Principe,39.9766109,-75.1401495,4.5,11,2,"235 W Cecil B Moore Ave, Philadelphia, PA, 19122"
Et5_maoRY_BEJRmDfx6ynA,Prince Pizza II,40.043756,-75.0854452,2.5,11,1,"6352 Algon Ave, Philadelphia, PA, 19111"
ZVu9TDpTvIgCN8x6IY-KmA,Oregon Diner,39.9140204,-75.1529839,3.5,209,3,"302 W Oregon Ave, Philadelphia, PA, 19148"
0MqOEmf84nhurrynm-_rtQ,Token,39.9660455611,-75.1392937134,3.5,5,1,"1050 N Hancock St, Unit 51, Philadelphia, PA, 19123"
n5TNfoXg1i8wX5R3iY4WUA,Cinder Copper & Lace,39.9482528775,-75.1666254178,3.5,157,2,"1500 Locust St, Philadelphia, PA, 19102"
iiHWdMjPZhQPTC86p86X9Q,Jembatan 5,39.9383367,-75.159771,4.5,61,2,"932 S 10th St, Philadelphia, PA, 19147"
bKNULviFM4ayuSwq809DIA,Shanks Original,39.934831,-75.142057,3.5,132,1,"901 S Columbus Blvd, Philadelphia, PA, 19147"
YqmClmk7oLcDzPWKHzgA-Q,South Philadelphia Tap Room,39.927216,-75.171477,4.0,530,1,"1509 Mifflin St, Newbold, Philadelphia, PA, 19145"
aUoMG97DMJG4nmwhT6z1zA,Devon Seafood Grill,39.94949,-75.17066,3.5,1159,2,"225 S 18th St, Philadelphia, PA, 19103"
EI2_OgANt1Mb_83cNnpPwg,Marra's,39.9279881,-75.1658701,3.0,291,3,"1734 E Passyunk Ave, Philadelphia, PA, 19148"
jziliEq8Zum-EynD5v-Hvg,Chifa,39.949786,-75.152623,4.0,444,2,"707 Chestnut St, Philadelphia, PA, 19106"
X3Qa-dXb2DFdZZ2UnAfSVg,Dunkin',40.087335,-75.039989,1.0,5,2,"1619 Grant Ave, Ste 5, Philadelphia, PA, 19115"
IrJbptQgdCXC4avPQKeChw,Italian Bistro,40.0731939,-75.0352627,2.0,15,1,"2500 Welsh Rd, Philadelphia, PA, 19152"
dyELPSU9bEe20QpCQ8pn9A,Halal Food Special,39.9532117052,-75.1668324715,4.5,7,3,"20 N 16th St, Philadelphia, PA, 19103"
iiZHyvPUN4rPpVA70Mt8hg,Independence After Hours,39.9491008173,-75.1491766423,4.5,6,2,"600 Chestnut St, Philadelphia, PA, 19106"
Rliq-iILjQX0w3Q0XZ4LAQ,Florida Style Pizza,39.9261144,-75.1822397,4.0,25,2,"2052 S Beechwood St, Philadelphia, PA, 19145"
DvyG9Fx1EeNJfr_UNL7NYA,Fresco Tortilla,39.949224,-75.164942,3.5,10,2,"200 S Broad St Hyatt Food Ct, Philadelphia, PA, 19102"
ZYRul0i1bhOjirHED6Kd0w,SouthHouse,39.91804,-75.168707,4.5,158,2,"2535 S 13th St, Philadelphia, PA, 19148"
cM77NrFZx2z0d84AqEpmMw,Diner At Manayunk,40.0259511,-75.2243072,4.0,86,3,"4371 Main St, Philadelphia, PA, 19127"
xrUtLEFyxzfjflTC2nqLXQ,Good Day Eatery,39.9536631,-75.1695865,3.5,34,2,"1735 Market St, Philadelphia, PA, 19103"
d4QDtxEVBncaFLAxggRoqQ,Philadelphia Bar & Restaurant,39.9496707,-75.1431203,3.5,87,1,"120 Market St, Philadelphia, PA, 19106"
nqMGXZ3haILky26NDAJVSA,Drunk Crab,39.9702621176,-75.1442193308,4.5,18,2,"425 W Girard Ave, Philadelphia, PA, 19123"
cLNyFQ3T7p_Kcf09IburKw,Dunkin',40.0543239,-75.1418482,1.5,5,2,"6620 N Broad St, Philadelphia, PA, 19126"
StJngGaxDOJDjNmsCcKuAQ,Nick's Famous Pizza,40.0351703,-75.1787516,3.5,12,1,"5810 Greene St, Philadelphia, PA, 19144"
UiVGsdrU4_eJhmFRubwETg,Salt & Pepper Deli III,39.945704,-75.2138797,4.0,18,2,"1102 S 47th St, Philadelphia, PA, 19143"
vrDax0Opr-CFuvwp396L0g,Rieker's Prime Meats,40.0768575019,-75.0850222427,4.5,71,2,"7979 Oxford Ave, Philadelphia, PA, 19111"
NEZOlUKoQWUotatzRp-r5A,Happy Lamb Hot Pot,39.9539683,-75.1570234,4.0,169,1,"1017 Arch St, Fl 1, Philadelphia, PA, 19107"
YN4Kk751tmdvoarGo8z7_A,New Delhi Indian Restaurant,39.9553921,-75.2026195,4.0,514,1,"4004 Chestnut St, Philadelphia, PA, 19104"
IP_E4SHLClorhNg4o5bw9Q,Rosy's Taco Bar,39.9508956186,-75.178367123,4.0,282,1,"2220 Walnut St, Philadelphia, PA, 19103"
EHNtEYL9GXsv1sbKChMMWw,Stix Asian Eatery,39.9416094,-75.1631687,4.0,18,2,"1225 Fitzwater St, Philadelphia, PA, 19147"
00rIcvqmfci_oJWkOqPqmg,T & F Farmers Pride,40.0571665,-75.2357367,4.5,92,2,"8101 Ridge Ave, Philadelphia, PA, 19128"
3dtxHKM3RbVyjzTfbcGq2A,Murphy's Tavern,40.0313311,-75.2079192,3.5,19,1,"5892 Henry Ave, Philadelphia, PA, 19128"
ddmwkOVNategY1klPbAFsw,Banjara Indian Bistro,40.077871324,-75.2083880827,4.0,67,2,"8705 German Town Ave, Philadelphia, PA, 19118"
zRnFxKLKdn0ZJ2_DapEQWA,The Lucky Well - Spring Arts,39.961265,-75.1541276,5.0,27,1,"990 Spring Garden St, Philadelphia, PA, 19123"
0lGN91IoLe02MtEu9Xtf1w,Pizza Hut,39.9225254,-75.1856193,1.5,22,1,"2310 Passyunk Ave, Philadelphia, PA, 19145"
aa0xi7fgFJyA4qWux6vz0A,Carmen's Famous Italian Hoagies,39.9532735358,-75.1593375206,3.5,589,2,"12th St & Arch St, Philadelphia, PA, 19107"
7Y3RjSc99a88oTMEgvazoA,QDOBA Mexican Eats,39.9495796084,-75.1672851248,3.0,93,1,"1528 Walnut St, Philadelphia, PA, 19102"
21czbreHdJ8DxchFcsAlQA,Barone's How U Doin' Deli & Grocery,39.9198589,-75.1730406,5.0,11,2,"1515 W Porter St, Philadelphia, PA, 19145"
Iw8uqNPxviwcgxtruAx_LA,Good Dog Bar,39.948793,-75.1662055,4.0,1279,1,"224 S 15th St, Philadelphia, PA, 19102"
nKYpVtHmwzPBmVAlz73qoQ,Imli Indian Kitchen,39.9388691,-75.1524722,4.0,60,2,"769 E Passyunk Ave, Philadelphia, PA, 19147"
AXfF-c7h7y4yqUC6zehbng,Five Guys Pizza,40.0296843,-75.228592,2.0,6,2,"125 Leverington Ave, Philadelphia, PA, 19127"
EzjysPg2-lVX1E0ibStUXw,Ekta Indian Cuisine,39.9692049,-75.1325733,4.0,436,2,"1142 Crease St, Philadelphia, PA, 19125"
wUiJDkB_YUZEgTQshpUZZg,Xin Xing House,40.0354613,-75.0808778,4.0,5,2,"6057 Castor Ave, Philadelphia, PA, 19149"
Ldch7Nc5gaZrhcIRd7mcjw,Kabuki Sushi,39.9535852,-75.1609794,4.0,400,1,"45 N 13th St, Philadelphia, PA, 19107"
C93hmXkaRnej-jg0Z0ilhA,Rayaki - Philadelphia,40.04378,-75.05346,4.0,37,1,"2818 Cottman Ave, Philadelphia, PA, 19149"
UJw-KnIdnzwbvxzNvIUhgw,Currito Burritos Without Borders,39.9591159,-75.1904692,3.0,15,2,"203 N 34th St, Philadelphia, PA, 19104"
TunmRrfZb7bt53T6HJi4UQ,Bleu Sushi,39.9463986271,-75.157800703,4.5,938,1,"262 S 10th St, Philadelphia, PA, 19107"
uSW_RGoNOqOmtR1lchGxUg,Chopstick House,39.926769,-75.14621,4.0,10,2,"1626 S Columbus Blvd, Philadelphia, PA, 19148"
K6VliqaqiQqaVeaOXQv4wQ,Captain Hooks,39.9869459,-75.1564192,4.5,59,2,"2226 N Broad St, Philadelphia, PA, 19132"
XIP56Dnfod92fYrrNDOACw,Revolution Diner,39.9487772186,-75.1456730068,3.0,35,2,"239 Chestnut St, Philadelphia, PA, 19106"
ovWd_lbvnK1dQSkSkQRfpg,Benna's Cafe,39.932994,-75.157736,4.0,97,1,"8TH And Wharton St, Philadelphia, PA, 19147"
lX-H5mJYzs9i8UsPghlvCQ,Milano's Pizzeria and Grill,39.9489898682,-75.1570663452,3.0,41,2,"127 S 10th St, Philadelphia, PA, 19107"
VwZ5NDbIu3elGQI6MzcXBA,Blue Corn,39.9377652566,-75.1583243076,4.5,350,2,"940 S 9th St, Philadelphia, PA, 19147"
NH-LOS97SfP2aL_ZaLwUJA,High Street Provisions,39.9531172679,-75.1927020446,2.5,15,2,"3401 Walnut St, Philadelphia, PA, 19104"
iSSErxB_4XLkrKU0CotYMg,Jim's Steaks,40.0479243,-75.0584606,3.5,74,2,"2311 Cottman Ave, Philadelphia, PA, 19149"
1e1qCk-tKAkFn-or-o-h0A,Sammy Chon's KTown BBQ,39.955447,-75.154839,3.5,148,2,"911 Race St, Philadelphia, PA, 19107"
eGmbGdkhPjw2gniEIq-E6Q,Imperial Palace Chinese Restaurant,40.0435209,-75.1433762,4.0,12,2,"5921 N Broad St, Philadelphia, PA, 19141"
F48wjJ_jjEz59Prh20XhRA,Tyson Bees,39.9591692932,-75.1984187251,3.5,147,1,"nan, Philadelphia, PA, 19104"
zYnYOzhlG9jPoX9ANecEUw,Au Bon Pain,39.8951329,-75.2290123,2.5,121,2,"8500 Essington Ave, Space C - 16, Philadelphia International Airport, Philadelphia, PA, 19153"
aNNCjIDnTxn3YXRa4SnzYA,Vesper Sporting Club - Center City,39.9489408,-75.1668194,3.5,157,1,"223 S Sydenham St, Philadelphia, PA, 19102"
4CBk3DBUgl3V9zbVBKsIqQ,Moshi Moshi,39.951392,-75.17062,3.0,40,2,"108 S 18th St, Philadelphia, PA, 19103"
Laqf1fHOcmqe1yGZrxKw_w,Mi Puebla Restaurant,40.0599953,-75.1907261,3.5,108,3,"7157 Germantown Ave, Philadelphia, PA, 19119"
nampgzRa90YQd9P2pdi6Qw,McDonald's,39.9239989,-75.1425599,2.0,6,2,"1801 S Columbus Blvd, Philadelphia, PA, 19148"
g4cJA7iabhQywVCDytdUJw,Green Soul,40.0637135,-75.1527502,4.5,28,1,"7169 Ogontz Ave, Philadelphia, PA, 19138"
xXFSEWRO0012YBbdoJ1kRw,Coeur,39.938845,-75.1564754,4.0,55,1,"824 S 8th St, Philadelphia, PA, 19147"
dzNHPZmXHFc6_6BZQVYAeA,SoBol-University City,39.9512731815,-75.1979261264,4.0,43,1,"3736 Spruce St, Philadelphia, PA, 19104"
lAni_2IBdJOUMGXYXSmU2g,Applebee's Grill + Bar,39.94883,-75.165919,2.0,89,1,"215 S 15th St, Philadelphia, PA, 19102"
0ak-7uV9Nb7nF_l-mMCysA,Oishii Poké,39.9532717,-75.1562016,4.0,228,4,"938 Arch St, Philadelphia, PA, 19107"
U6D2ZyFsZw15-3RtMalq8Q,Lake Blue Sushi & Cuisine,39.9504830986,-75.1457890123,4.0,7,2,"8 N 3rd St, Philadelphia, PA, 19106"
0zQtELENNywry4zSxQBWlg,First Street Steaks,39.9691698,-75.1361942,4.0,29,3,"1204 N Front St, Philadelphia, PA, 19122"
NWThkWV2w9WqWsXIf9DQuQ,Aku's Kitchen,39.9601633,-75.2406183,4.0,5,2,"5938 Chestnut St, Philadelphia, PA, 19139"
Gm4JTabNe81qEL5Lf9NcCQ,China Star,39.9918037,-75.1131361,2.0,6,3,"3084 Frankford Ave, Philadelphia, PA, 19134"
vrpwZHVR0H93peg03Zlnfw,Towne Pizza Sub Shop,39.9465,-75.1732,3.5,19,2,"1900 Pine St, Philadelphia, PA, 19103"
L4G5ABxhYHQAKIcT0818_A,Bob's Diner,40.032919,-75.21426,3.5,157,2,"6053 Ridge Ave, Philadelphia, PA, 19128"
FFHTUPo0QTSIylLCCe27ig,Cucina Maria,39.9397045222,-75.1562596858,4.5,8,2,"768 S 8th St, Philadelphia, PA, 19147"
uAJ_rq4ZQUgERalFBO_zlQ,Olive Garden Italian Restaurant,40.078537,-75.032031,3.0,129,2,"9280 Roosevelt Blvd, Philadelphia, PA, 19115"
gkqfNyv3D84B0WR5GZOpZQ,Originals Italian Restaurant & Bar,40.049706,-74.989807,3.0,42,1,"9436 State Rd, Philadelphia, PA, 19114"
rjjK00bgGHNOJWMgUXT-ng,Beijing Panda,40.0034,-75.2067881,1.5,13,2,"3901 Conshohocken Ave, Philadelphia, PA, 19131"
61x8v5Yq3zzoaKkMz5SJqA,Kurths Sea Food,39.9852893,-75.1478412,4.0,9,3,"901 W Susquehanna Ave, Philadelphia, PA, 19122"
Q5-CkgsvtlRF5GphtoBFRQ,Live Casino Hotel,39.9091912,-75.1646617,2.5,10,4,"900 Packer Ave, Philadelphia, PA, 19148"
j-qtdD55OLfSqfsWuQTDJg,Parc,39.9491724,-75.1707273,4.0,2761,1,"227 S 18th St, Philadelphia, PA, 19103"
cAQf9b0jmPIQaTyj-vm81w,Germantown Jerk Hut,40.0601522,-75.1907202,3.0,7,2,"7165 Germantown Ave, Philadelphia, PA, 19119"
4_-IcMpkF_sBRHomWZHNzA,Bistrot La Minette,39.9414622968,-75.1523852348,4.5,619,1,"623 S 6th St, Philadelphia, PA, 19147"
g3VTofBULAB3bld7IzmJMg,Simon's Kosher,40.042695,-75.063771,4.5,14,1,"6926 Bustleton Ave, Philadelphia, PA, 19149"
SVf23pjKERkedqCdWl6ECA,Teresa's Mesa,39.9394833,-75.145839,4.0,69,2,"727 S 2nd St, Philadelphia, PA, 19147"
KGzDbWYbVRItq7_ubPBEHQ,DP Dough,39.9561884,-75.2020815,3.5,31,1,"33 S 40th St, Philadelphia, PA, 19104"
JiLdxFx_nY5HoQNJbMSh4Q,La Casa Del Mofongo,40.022133,-75.13389,3.0,11,1,"4638 N 5st, Philadelphia, PA, 19140"
UDD4X5TLUMARishbXUQA2w,Cadillac Grille,39.9011799,-75.1719716,3.0,46,2,"3601 S Broad St, Philadelphia, PA, 19148"
9JSv_XGIjTt_uwE6fVctMQ,Marathon,39.9504196,-75.1635566,2.5,61,1,"1338 Chestnut St, Philadelphia, PA, 19107"
u-mjpAKElhdZ-ZqhEjwcPw,The Strip Joint,39.940805,-75.179773,3.5,57,1,"918 S 22nd St, Philadelphia, PA, 19146"
CYEX-wXbW2bZDxk7nH60Vg,M & M Restaurant,39.9831358,-75.1018987,4.5,27,2,"2736 E Allegheny Ave, Philadelphia, PA, 19134"
R2sUttu6kl5on4k1khkDqg,Sal's Produce Plus,39.9664186,-75.160911,4.0,37,1,"676 N Broad St, Philadelphia, PA, 19130"
msQaMUQ6l2I6E_BzjGXeEw,Doc Watson's Pub,39.9480983,-75.1592326,3.5,23,1,"216 S 11th St, Philadelphia, PA, 19107"
Al8y5FTs9tW5VsxTVy9ZMg,Alyan's Restaurant,39.9414081509,-75.1490631994,4.0,289,2,"603 S 4th St, Philadelphia, PA, 19147"
cGHnqrUiSMW8aMJ9mg8e1g,Abbraccio,39.9483438,-75.2167974,2.5,14,4,"820 S 47th St, Philadelphia, PA, 19143"
Sv1MEZP-mMfp8SmE0hwYEA,Terakawa Ramen,39.955402,-75.154484,4.5,1693,2,"204 N 9th St, Philadelphia, PA, 19107"
EMp87GsYkVdwHftE7Ar2_w,Cosmic Café and Ciderhouse,39.9695828,-75.1876317,4.0,52,1,"1 Boathouse Row, Philadelphia, PA, 19130"
mprtNLSD_AQ7pTb1vzbSdw,Mezzogiorno,39.8740344184,-75.243804085,2.5,40,1,"8000 Essington Ave, Level 2, Terminal B, Philadelphia, PA, 19153"
WeylzLacbhVyhnWAbUJ4SA,Pita Chip,39.9779222117,-75.1582708789,4.5,151,1,"1600 N Broad St, Unit 7, Philadelphia, PA, 19121"
OmZZS72yQcPyqEDPCA3EVA,Golden Lake,39.9538411,-75.1770532,3.0,51,2,"2206 Market St, Philadelphia, PA, 19103"
MlXH9dWYDFEBbwuGStlfZg,La Colombe Coffee,39.9712343,-75.1342432,4.5,509,3,"1335 Frankford Ave, Philadelphia, PA, 19125"
5bxcieJG45A2Y4X8jZD05Q,Antney's Grub,39.9155207,-75.1624064,3.5,20,3,"2700 S Darien St, Philadelphia, PA, 19148"
tqUQHX7gsWK2d2rsUuUUMw,Tria Wine Room,39.9529405,-75.1869058,4.0,85,2,"The Left Bank, 3131 Walnut St, Philadelphia, PA, 19104"
m6RGfATGF1aL_g7oYJ-mbg,honeygrow,39.9537318071,-75.1978196153,3.0,163,1,"3731 Walnut St, Philadelphia, PA, 19104"
PRmGQsldPV7I5uZhEEymyw,Red Wine Restaurant,40.0330744061,-75.1064681634,3.0,12,2,"701 Adams Ave, Philadelphia, PA, 19124"
ktM6aYuzqWd-kA8SIWswiQ,Winnie's Manayunk,40.024735,-75.2222673,3.5,599,2,"4266 Main St, Philadelphia, PA, 19127"
ijnCPsMfWWcxGlzwOzUxIg,East Girard Gastropub,39.968877,-75.133443,4.0,126,2,"200 E Girard Ave, Philadelphia, PA, 19125"
hb5-Usnsu2AEkOUyqCitcA,Solaris Grille,40.073702,-75.202618,2.5,42,1,"8201 Germantown Ave, Philadelphia, PA, 19118"
lOdf3USy1JvVP-1mWjhDSQ,Village Belle,39.938329,-75.144405,4.0,68,2,"757 S Front St, Philadelphia, PA, 19147"
QzvJ0jFrCo2lldh5CiNcCQ,Gennaro's Famous Pizza,40.0312593,-75.1790941,2.5,29,3,"210 W Chelten Ave, Philadelphia, PA, 19144"
zwWgOoaLY-RnFgNVuMc7GA,Axis Cafe,39.9552337,-75.1944974,3.0,6,2,"20 S 36th St, Philadelphia, PA, 19104"
x5GkG0oI_S107wLlgdBxVA,Spread Bagelry,39.9545367385,-75.1943960041,2.5,203,2,"3602 Chestnut St, Philadelphia, PA, 19104"
w-DEeeCRDlKoyO2P7nTKdQ,The Famous Napoli Pizza,39.937027,-75.1549257,3.0,65,2,"944 E Passyunk Ave, Philadelphia, PA, 19147"
ZHmRENQg4r1CfzRGIQENkg,Pearl Tavern,39.948987982,-75.1600788161,2.5,7,1,"1123 Walnut St, Philadelphia, PA, 19107"
86glJ3ygYJV8HE-FClONsw,Emperor's Garden Chinese Restaurant,40.0649629383,-74.9836531509,3.5,17,2,"9910 Frankford Ave, Philadelphia, PA, 19114"
2MKTSjcis749QGzm0vwFXw,MiXXed Breed Cafe,39.9659089,-75.1655053,2.0,8,2,"1631 Wallace St, Philadelphia, PA, 19130"
b4yoyv8ZwxIILxRz0GRMzA,Goodburger,39.9518259,-75.169687,3.0,32,2,"1725 Chestnut St, Philadelphia, PA, 19103"
9-W8_gKJ-tRPr52TFKFNWg,Burger King,40.0543678735,-75.0721313202,2.0,18,2,"1624 Cottman Ave, Philadelphia, PA, 19111"
bffLbfi1IEAff5C2IHJvFA,Han Dynasty,40.0253737,-75.2238628,3.5,417,2,"4356 Main St, Philadelphia, PA, 19127"
nF5QByCz21MY0KLtSoB5KA,Penrose Diner,39.9122173,-75.1827641,4.0,386,2,"2016 Penrose Ave, Philadelphia, PA, 19145"
Aelkw-nyg9I8aQM9mK_yhw,Ecowas African Restaurant,39.9261517,-75.233992,4.0,8,2,"6421 Woodland Ave, Philadelphia, PA, 19142"
sCPx4Sy4I1wMeZwsTzCFRg,Chipotle Mexican Grill,39.9386420632,-75.1668745431,1.5,24,2,"1000 S Broad St, Philadelphia, PA, 19146"
vAfuyrsog38dv_q3z5YwLA,Fredy & Tony's Restaurant,39.995528,-75.1297621,4.0,29,2,"3001 N Front St, Philadelphia, PA, 19133"
dFAHHp-_MpKNz6PqaJYVjA,Cafe Spice Express,39.9516337506,-75.168387222,4.0,45,2,"1625 Chestnut St, Philadelphia, PA, 19103"
Jq65KuNzC_Uee3TJB9Xv-Q,Pizzeria Pesto,39.9261118,-75.1689709,4.0,120,1,"1925 S Broad St, Philadelphia, PA, 19148"
4hH1lt7mHPbl4r2O7LH6nA,Jordan Johnson's Gourmet Seafood,40.0450716,-75.0606831,3.5,128,2,"7199 Buselton Ave, Philadelphia, PA, 19149"
iZJ-LlKeSRRu6HbY4LZ9ww,Popeyes Louisiana Kitchen,39.9510830684,-75.1663314987,2.0,52,2,"1516 Chestnut St, Philadelphia, PA, 19102"
A55glg6ynzqjNAbRyTI3ig,Nifty Fifty's,39.9157811,-75.1647757,3.5,27,2,"2700 S 10th St, Philadelphia, PA, 19148"
4FHXsFTyvvxc-pISdYkoeQ,Sisters Restaurant & Nightclub,39.9484988,-75.1631093,3.0,51,2,"1320 Chancellor St, Philadelphia, PA, 19107"
lXkjfmdIKGB-WwEuuEEAmw,Milo - The Meeting House,40.0601522,-75.1907202,3.5,23,2,"7165 Germantown Ave, Philadelphia, PA, 19119"
0PDe8TxXHoROxpu-jH8e6A,Pennsylvania 6,39.9497992,-75.1604137,4.0,296,1,"114 S 12th St, Philadelphia, PA, 19107"
9CGFL0YFDf_O6aaiTmnOZQ,The Refinery at SugarHouse Casino,39.9639942,-75.1328364,2.5,11,2,"1001 N Delaware Ave, 1001 N Delaware Ave, Philadelphia, PA, 19125"
WN8wJ8PiBcfSPVWtZZhZfA,Daiva's Grille,40.0413479,-75.2255195,3.5,92,1,"6750 Ridge Ave, Philadelphia, PA, 19128"
5GGT_83OMzXU4XoqFN-Vag,Burger Busz,39.9829283,-75.1547321,3.5,19,2,"N 13th And W Norris St, Philadelphia, PA, 19122"
xPi3UL7FKhHqxGbJOYdAjw,Tang Dynasty Buffet,40.002977,-75.2217849,2.0,22,2,"4504 City Ave, Philadelphia, PA, 19131"
gYVKvm64vH75YQKQrdKnnw,Mi Lah,39.9557799,-75.1819683,4.0,14,1,"2955 Market St, Philadelphia, PA, 19104"
_WxO_7bJmeeKF-wCcvgeFQ,Seafood Sensations,40.0543117,-75.1555082,1.0,5,1,"2101 Stenton Ave, Philadelphia, PA, 19138"
Cb85PgiOfcmHza5GQFTB6A,Royal's Restaurants,40.0719286,-75.1614096,4.0,95,2,"7802 Limekiln Pike, Philadelphia, PA, 19150"
XvFImQnVmlZnSCE9X36Tcg,Great Wall Chinese Restaurant,39.9304241,-75.1563112,4.0,13,2,"1441 S 7th St, Philadelphia, PA, 19147"
0-JRAY0LpBazDuA9761U5w,Pizzeria Vetri,39.94941083,-75.1686977423,4.0,313,1,"1615 Chancellor St, Philadelphia, PA, 19103"
bSehfDoKVeCXIcwcFwX38w,Dumpling House,39.9538136,-75.1558378,3.5,18,2,"925 Arch St, Philadelphia, PA, 19107"
Ft5fpvevlnMJbugX_w2YsQ,Grey Social,39.948269,-75.143783,2.5,14,3,"132 Chestnut St, Philadelphia, PA, 19106"
ZQc6EvnfQXtIK-8w-d0N5Q,Mad Rex,39.96486,-75.13463,3.5,337,1,"1000 Frankford Ave, Ste 1, Philadelphia, PA, 19125"
GZcZ5wUcGcIVAM0_OEmIRw,Sonic Drive-In,39.9983682,-75.093851,1.5,41,1,"2201 E Butler St, Philadelphia, PA, 19137"
XF7qNhRJktAfLoH5GP4tCw,Au Bon Pain,39.952398,-75.167928,3.0,31,2,"1625 Chestnut St, Philadelphia, PA, 19103"
kn0-Tc4JFnpnlCyqG-3X9A,IHOP,39.94911,-75.16309,3.0,166,2,"1320 Walnut St, Philadelphia, PA, 19107"
Zc5KhfYODgRQWBi8JA7nbQ,Kitchen B & L,40.0448433774,-75.086436756,3.0,16,1,"925 Levick St, Philadelphia, PA, 19111"
_tQq9qfIkZOOwzySEZZNxg,Khmer Grill,39.9552453374,-75.1565693933,4.0,72,2,"1016 Race St, Philadelphia, PA, 19107"
f8LkUwzYthcG8jTagLzK1w,52nd Station Diner,39.9596810609,-75.2248420939,5.0,15,2,"9 S 52nd St, Philadelphia, PA, 19139"
8CbJAKgVEALPbYcQTzhkvA,WineO,39.9665,-75.145408,3.0,80,2,"447 Poplar St, Philadelphia, PA, 19123"
KsFuzQCOPhP8eHmt3rP11Q,El Techo,39.952609,-75.1712569,3.5,44,2,"1830 Ludlow St, Fl 11, Philadelphia, PA, 19103"
zXgksmhdzgL4Xx5FylbP3w,Goat Hollow,40.0539069,-75.1942308,3.5,220,3,"300 W Mt Pleasant Ave, Philadelphia, PA, 19119"
zucC7rHpXPYBu7aEqj0NUw,Libertine Restauraunt,39.9468905,-75.1623567,4.0,117,2,"261 S 13th St, Philadelphia, PA, 19107"
_RK29S6rmOUG8yahuHYpiQ,Hunger Burger,39.9532586925,-75.1589310688,3.5,125,1,"Reading Terminal Market, Philadelphia, PA, 19107"
N9PyXCEUJu3Q8rxRAiS6Yw,Dolce Pizza,40.0872609384,-75.0399161411,3.5,39,2,"1619 Grant Ave, Philadelphia, PA, 19115"
imd0v6mixJCBnqGr6RV3hQ,Rami's,39.9529565,-75.2028385,4.5,16,1,"40th and Locust, Philadelphia, PA, 19195"
W8-UTIJAsY95SJcieNRITA,Temple Town Pizza & Grill,39.9842432,-75.1641259,3.5,6,2,"2001 N Gratz St, Philadelphia, PA, 19121"
rlKk3ynwimKAa70zhpAntA,Drinker's Tavern,39.9496657,-75.143277,3.5,63,1,"124 Market St, Philadelphia, PA, 19106"
tqY2t5a5E6YQKfW4jL8Vfg,Wingstop,40.044244,-75.087193,3.0,5,2,"6391 Oxford Ave, Philadelphia, PA, 19111"
WsCIwMlDwt8g4i40JS_nGQ,O'Mares Irish Pub,40.1090254,-75.0254734,3.5,38,1,"10253 Bustleton Ave, Philadelphia, PA, 19116"
oYvjtszgXo5x45d6fa6y2g,Le Bercail Restaurant,39.9492094,-75.213722,4.0,59,1,"4519 Baltimore Ave, Philadelphia, PA, 19143"
IpUlqml-oz2Izby8Hsx-lg,Anna Restaurant,39.9543799638,-75.2263397723,4.5,14,2,"304 S 52nd St, Philadelphia, PA, 19143"
hp6iyOf4yHAELQ_sjCD5Ew,Independence Prime,39.8745568189,-75.2437496274,3.5,108,1,"Philadelphia International Airport - 8000 Essington Ave, Terminal B, Philadelphia, PA, 19155"
l02jjfbmaLhHKCX39FOrBg,The Chinese Noodle Factory,39.9549604,-75.1573313,4.5,12,2,"133 N 11th St, Philadelphia, PA, 19107"
aBIKSaj78U2HLQCH_vl-PA,Philadelphia Taxi Cab,40.0015641166,-75.0795582533,1.5,57,2,"4421 Aramingo Ave, Philadelphia, PA, 19124"
QFZbe75u5146KeTF3ZmOhQ,The Institute,39.962848,-75.1573085,3.5,167,2,"549 N 12th St, Philadelphia, PA, 19123"
MsgWKX-hUG35a0nLcCAKrg,Currito,39.874423,-75.247136,3.5,125,1,"8500 Essington Ave, Philadelphia International Airport, Terminal A, Philadelphia, PA, 19153"
AQF9Cqg1ywpL1iCz4SmWmw,Stolovaya,40.0936845,-75.0323494,3.5,10,1,"9846 Bustleton Ave, Philadelphia, PA, 19115"
8PSSfsRQ0JfH8Yc4Doq_uA,Seulanga,39.9277585,-75.1757526,4.0,25,1,"1838 S 18th St, Philadelphia, PA, 19145"
SYi3fXcXl1lxUmEEsrXR_g,El Sarape Restaurant,39.932888,-75.159452,3.0,26,2,"1304 S 9th St, Philadelphia, PA, 19147"
-NG3pA9LEXCxt0Fjd_aYYA,Linda's Vegetarian Village Restaurant,40.0458535,-75.1820573,4.5,45,1,"6381 Germantown Ave, Philadelphia, PA, 19144"
0nFhxTqIlkIAJypUkON-rQ,Big Daddy Pizza,40.0812146,-75.037495,2.5,74,1,"1916 Welsh Rd, Ste 14, Philadelphia, PA, 19115"
rIUDqviGWQBpPOSBw2I2Ng,Soju Biergarten,39.9664438,-75.139576,4.0,6,2,"1050 N Hancock St, Unit 51, Philadelphia, PA, 19123"
nmeGoVi_U-bbnojJsi52Aw,The Angelo Pizza,39.9502888,-75.1446988,4.5,66,3,"229 Market St, Philadelphia, PA, 19106"
iuoh6R7yIvKxffYsb5fH_A,Crown Chicken & Burger,39.9437144134,-75.1656907284,1.5,5,1,"1408 South St, Philadelphia, PA, 19146"
BiSdlIuOlf6MqyEZ6aWhfQ,Con Murphy's,39.95602,-75.167795,3.5,301,2,"1700 Benjamin Franklin Pkwy, Philadelphia, PA, 19103"
iEOd2yZQERtdOOlQjuukPg,Eclipse Hookah Lounge,39.9411183,-75.1490884,2.5,8,2,"613 S 4th St, Fl 2, Philadelphia, PA, 19147"
B7ACDZ13ObI83HHeGkGLJg,Luke's Lobster Market East,39.9509225,-75.1583976,4.0,47,2,"17 S 11th St, Philadelphia, PA, 19107"
yxBS42yCi250PXY31jhoiQ,Aqimero,39.9512876403,-75.1641220332,3.5,143,3,"10 Avenue Of The Arts, Philadelphia, PA, 19102"
gU39t80dXx9LkIZHp6cyCQ,Magic Noodles,40.04357983,-75.05235617,3.5,47,2,"2833 Cottman Ave, Philadelphia, PA, 19149"
cdZf-iYQRy5D18gTM95aew,The Bellevue Hotel,39.9491188,-75.1648441,3.5,168,2,"200 S Broad St, Philadelphia, PA, 19102"
ayrJOc0UzneTn6pgHsKCaQ,America's Best Wings,39.9563712,-75.2061225,3.0,31,1,"4145 Chestnut St, Philadelphia, PA, 19104"
x2xQUz1YfOzy5A9FRuCpMw,Passage To India,39.9489511,-75.1630431,3.0,23,2,"1320 Walnut St, Philadelphia, PA, 19107"
t6v8g8UeNiq3O2GoEc7R4Q,Fish,39.9478075252,-75.1622780016,4.0,153,2,"1234 Locust St, Philadelphia, PA, 19107"
tZTIQ_8QzFZYrMn5u_M0Fg,Haru,39.948674,-75.145814,3.5,91,2,"241 Chestnut St, Philadelphia, PA, 19106"
W-esb76USKNAJYhd2xoKnw,Michael's Family Restaurant,40.102162,-75.009483,2.0,14,2,"11000 Roosevelt Blvd, Philadelphia, PA, 19116"
Ep_jh1Pt4Ggyla21f-BQcQ,New Leaf 2 Chinese & Japanese Cuisine,40.0247036,-75.2219543,4.5,137,1,"4260 Main St, Philadelphia, PA, 19127"
KDWHReUcvNqhvbwhlYYb7g,Talk Of The Town,39.9126407,-75.1728924,3.0,86,2,"3020 S Broad St, Philadelphia, PA, 19145"
8xTHtLoNIwdpf0FEvIpQIw,By George! Pizza Pasta & Cheesesteaks,39.9532222415,-75.1594696319,4.0,284,2,"51 N 12th St, Philadelphia, PA, 19107"
4KbpvwrCVjL8t1g_pOUndQ,Sarku Japan,39.9516498,-75.1682121,3.5,23,2,"1625 Chestnut St, Ste 205, Philadelphia, PA, 19103"
ruItzjauKbybM6Sdt9An8A,Pho-ladelphia,39.9223166,-75.1648601,4.0,27,1,"1100 Jackson St, Philadelphia, PA, 19148"
3QpErOK9RfahtAfrKSZYig,Nick's Roast Beef,40.083729,-74.9661299,2.0,42,1,"4501 Woodhaven Rd, Philadelphia, PA, 19154"
8va8lpVU8aiQtnSbyjVScA,Spataro's Cheesesteaks,39.9531593,-75.1590984,2.5,261,2,"51 N 12th St, Philadelphia, PA, 19107"
nwk7HiUk0IIYftBDF5yv7w,HomeSlice,39.9671988,-75.1410133,3.0,56,2,"1030 N American St, Philadelphia, PA, 19123"
JXnatL1ALEIL-0JZbDitbw,Bistro 7,39.9505744,-75.1454639,3.5,108,2,"7 N 3rd St, Philadelphia, PA, 19106"
ZN_3BYWNWJF3Hb81Vs82dQ,KFC,40.0585056828,-75.1643203227,2.0,7,2,"6240 Stenton Ave, Philadelphia, PA, 19138"
b6Q0NN1z_JKM7nwjMKSAMA,Popeyes Louisiana Kitchen,39.9614049,-75.1443064,3.0,11,2,"327 Spring Garden Street, Philadelphia, PA, 19123"
KjJDvCg5wuK-wyRy9OYJYQ,Bally Pizza,40.0726185,-75.1577167,3.0,27,2,"7903 Ogontz Ave, Philadelphia, PA, 19150"
ERxAPTa09fE0tZwvfht26Q,Beijing,40.0150353,-75.108814,4.0,8,2,"909 E Cayuga St, Philadelphia, PA, 19124"
-UJ7ZTb3zfmqZogmy3fnGg,Bellini,39.949084,-75.167867,3.0,318,2,"220 S 16th St, Philadelphia, PA, 19102"
_km1lWcqrx09hh8DvgVtBg,Papa John's Pizza,40.034832,-75.066072,1.5,14,1,"6543 Roosevelt Blvd., Philadelphia, PA, 19149"
POuaebsAeCyNx-8qZ3O7XQ,Shang Hai 1,39.9541205693,-75.1560343422,4.0,332,1,"123 N 10th St, Philadelphia, PA, 19107"
8QY974PXRbLFIcJUqz7gsA,Freddy & Tony's Restaurant,39.9992623,-75.133377,3.5,117,1,"201 W Allegheny Ave, Philadelphia, PA, 19133"
C3n1MJBUY6Ll_1sKjlcNAA,Sahara Indian Cuisine,39.970455,-75.145728,4.0,26,2,"517 W Girard Ave, Philadelphia, PA, 19122"
TuLKUXkCvPYCbmJRzzh7Aw,Ngon Ngon,39.94093,-75.14743,4.5,36,2,"615 S 3rd St, Philadelphia, PA, 19147"
GV8PIa7ch_kH9Ewe9keu_A,Sannie Japanese Chinese,40.0500021,-75.0639371,3.5,16,1,"2117 Cottman Ave, Philadelphia, PA, 19149"
eojelOoSqXc8fPUosS_wZg,Raindrop Cafe,39.9548117,-75.1675963,3.0,5,1,"1650 Arch St, Philadelphia, PA, 19103"
L4kfcADLCU4T33i7Z0CkuA,Bistro Romano,39.9419372505,-75.1446834884,4.0,546,3,"120 Lombard St, Philadelphia, PA, 19147"
VSIUiDAMrrQVsfbLfquo2w,Small Oven Pastry Shop,39.939368,-75.180138,4.5,29,3,"2204 Washington Ave, Philadelphia, PA, 19146"
jpqSJnoaIOggsFHV8bOXyw,Level 33,39.951784,-75.1601943,2.0,7,1,"1200 Market St, Philadelphia, PA, 19107"
NgUst1ex3M2ibDzSb6Xkaw,Emmy Squared - Queen Village,39.941042,-75.151123,4.0,177,2,"632 S 5th St, Philadelphia, PA, 19147"
THdOD9iDjQIGwHp_kHwakw,Food For Your Soul,39.9225986,-75.1548452,4.0,14,2,"2039 S 5th St, Philadelphia, PA, 19148"
zuKnCtZQKZqnvEaKVnwVVQ,Naana Xtra-O Restaurant,40.0396179,-75.0768335,3.0,11,1,"6413 Castor Ave, Philadelphia, PA, 19149"
XVNYarQiPxlIraQib8vwzw,Akoya at Pearl,39.9517967,-75.1722608,3.0,5,2,"1904 Chestnut Street, Philadelphia, PA, 19103"
tngXF4K4cojGHn-4PUpBLQ,Tango,39.954001,-75.157184,3.0,163,1,"1021 Arch St, Philadelphia, PA, 19107"
3CWVOXbotxJjQU2iaEFOEA,Red Sky,39.9498979,-75.1446263,3.0,31,2,"224 Market St, Philadelphia, PA, 19106"
tLgw_VI8yIgiJJ9-1VcL0g,U-Town,39.954974092,-75.2025566533,3.5,127,1,"110 S 40th St, Philadelphia, PA, 19104"
mf0OyZ6DX2iKUFIV9TqFRQ,Moriarty's Restaurant and Irish Pub,39.9485658,-75.1598508,3.5,629,3,"1116 Walnut St, Philadelphia, PA, 19107"
0oSSjekU-3GR8gselReWnA,Butcher and Singer,39.9493338,-75.1661758,4.5,1290,2,"1500 Walnut St, Philadelphia, PA, 19102"
QY9h6QIaBFeExPGNPqiOMg,New China,39.9192864,-75.1591554,3.5,9,1,"2354 S 7th St, Philadelphia, PA, 19148"
_NE7equAM7Pke_fNqySumw,Cosmis Pastries,39.9166943,-75.1688224,4.0,9,1,"1221 W Oregon Ave, Philadelphia, PA, 19148"
KnXWxp0DO4043CyWAnAx9g,Paddy Whacks Irish Sports Pub - Welsh Road,40.0745680732,-75.0316823839,3.0,46,2,"9241-43 Roosevelt Blvd, Philadelphia, PA, 19114"
dK8PxVPdj8qivBNiLE79Ag,Char Kol,39.9505301,-75.1668181,2.5,20,1,"1525 Sansom St, Philadelphia, PA, 19102"
ZhEFPPLta5dBxUKnyqMF3Q,Frannie Nicks,39.9389482384,-75.1564078778,3.0,41,2,"824 S 8th St, Philadelphia, PA, 19147"
g7CaY9XKhwcWV2K-zM47Lg,Cilantro New Mediterranean Cuisine,39.9411149,-75.1490884,4.5,85,1,"613 S 4th St, Philadelphia, PA, 19147"
cy1qlowyE-zHmzfVyBFOJg,McDonald's,39.9031583953,-75.2392083406,1.5,14,2,"7700 Island Ave, Philadelphia, PA, 19153"
c-jQ_--GMT_SvyjclyYqMg,Craft Manayunk,40.0230319381,-75.2190360036,3.5,97,2,"4141 Main St, Philadelphia, PA, 19127"
Z5-ih_QEZF4H-Aqn-tcYQw,Victorias Pizza,40.0549817,-75.0045063,3.5,5,1,"9206 Frankford Ave, Philadelphia, PA, 19114"
F7o1wLdUIT5uwnHcP4Aq4A,U Got Munchies,39.9837643,-75.1571412,2.5,34,1,"2012 N Broad St, Philadelphia, PA, 19121"
cVV8GWVIe9BwyCOKwrFgPA,Castellino's,39.9723373258,-75.129040464,5.0,72,2,"1255 E Palmer St, Philadelphia, PA, 19125"
2LokHe7GtKZD9Q6w0dRe_A,Queen & Rook Game Cafe,39.9408669,-75.1455409,4.5,66,2,"607 S 2nd St, Philadelphia, PA, 19147"
T3tiN6g7G2XUoDjRv3d8Cw,Irwin's,39.925195,-75.1600137,4.0,111,2,"800 Mifflin St, Philadelphia, PA, 19148"
NMnxLORhLb4sxEbvx45qfQ,Ho's Chinese Restaurant,39.9288656717,-75.1569883722,3.0,6,1,"1600 S 7th St, Philadelphia, PA, 19148"
5Y7cqSgUSfLwn7ulBeO_sA,Bluestone Lane - Philadelphia,39.9513885876,-75.1631133975,4.0,88,2,"1 S Penn Sq, Philadelphia, PA, 19107"
ggX5HgWTcHBkMU37EgJLig,Tony Luke's Beef and Beer Sports Bar,39.9140772,-75.1486742,4.0,70,2,"26 E Oregon Ave, Philadelphia, PA, 19148"
ZsSsyknkpARZUrD6rRH27A,Alimentari,39.9513109633,-75.1700653508,4.5,29,2,"1730 Chestnut St, Philadelphia, PA, 19103"
3TroNo3SClF2vXc1OnC44A,Cafe at the Mills,40.0077014,-75.1851189,4.0,6,2,"Sherman Mills, E Falls, 3502 Scotts Ln, Philadelphia, PA, 19129"
4BKKBx50oZaEczazjZ1ZEQ,OCF Coffee House,39.9530331794,-75.1836618023,3.5,42,1,"2930 Chestnut St, Philadelphia, PA, 19104"
7kC44AcEvJRAaDPhQNQ-6A,Illiano Pizza Restaurant,40.1290453,-75.0235565,2.5,15,2,"157 Byberry Rd, Philadelphia, PA, 19116"
Ddupo1zhmoct1yPFbF6ipQ,Via Napoli,40.0731939,-75.0352627,3.5,75,1,"2500 Welsh Rd, Philadelphia, PA, 19152"
Biidj3QszVuVO0Q85g5NPw,Fu-Wah Mini Market,39.9482921,-75.2170137,4.5,247,2,"810 S 47th St, Philadelphia, PA, 19143"
CYSPKiVdoPX3erovujnE9Q,Harp & Crown,39.9504170438,-75.1664282754,4.0,912,2,"1525 Sansom St, Philadelphia, PA, 19102"
wr46ByJI0i_7TwvvN9U38A,Hot Potato Cafe,39.971488,-75.127697,3.5,23,1,"529 E Girard Ave, Philadelphia, PA, 19125"
Em0k3l76cFj-A0tqJbkWtQ,Koreana,39.9523399,-75.1715586,3.5,93,2,"37 S 19th St, Philadelphia, PA, 19103"
1y3y_ihpO6SHxK9MRdtSlw,Noon Mediterranean,39.9530971,-75.1673521,3.5,40,2,"1601 Market St, Philadelphia, PA, 19103"
vKZhZqCa6bcdFieu0NYh0A,chili's,39.9533,-75.1611,1.5,10,2,"N 13th St 33-43, Philadelphia, PA, 19107"
aQhn4CcEJokY6ADxUbzTaQ,Chickie's & Pete's Cafe,40.1011515,-75.0081239,3.0,224,2,"11000 Roosevelt Blvd, Philadelphia, PA, 19116"
D78Bs3bESvOJzpdnL84tLQ,George's Food truck,39.9541529,-75.1966082,4.5,12,2,"3700 Sansom St, Philadelphia, PA, 19104"
Vbdk80DwTyrCYBoEIIyMGA,Oxtail International Cuisine and Juice Bar,39.9247438,-75.171114,4.0,8,2,"1441 Synder Ave, Philadelphia, PA, 19145"
T8gJyppKf9GWogFTkead-A,Spread Bagelry,39.9419396,-75.1505931839,2.5,51,2,"443 S St, Philadelphia, PA, 19147"
Yh4yCF2cjDVr2LSuphgrXQ,Wawa,40.02217,-75.0626204,2.5,7,2,"6001 Harbison St, Philadelphia, PA, 19135"
QlC0wdl3pIWnigTR4vDzVQ,5 n 2 Tokyo,39.941934,-75.149329,3.0,99,1,"526 S 4th St, Philadelphia, PA, 19147"
j6usntbtSzFyuwx4n2mn1g,Las Bugambilias,39.9499940204,-75.1454153298,4.0,381,2,"15 S 3rd St, Philadelphia, PA, 19106"
kXmscD-bp90t4QAh0H7Dig,Picanha Brazilian Steakhouse,39.9477453,-75.159542,4.0,87,2,"1111 Locust St, Philadelphia, PA, 19107"
0yN1rxCrEKqQIUk-nqyWVw,Subway,39.9508785,-75.1528953034,3.0,10,1,"714 Market St, Philadelphia, PA, 19106"
dLXkx82ZMsR5NLkCRtg0Dw,La Bella Dolce Italia,39.9419585,-75.153177,4.5,41,2,"628 S St, Philadelphia, PA, 19147"
x7rGLPiCGM1wqq3MCAQpTQ,Sushi Garden & Kitchen,39.9447414,-75.1649239,4.5,28,2,"425 S Broad St, Philadelphia, PA, 19147"
cGX-1IUwXOjkUqZbkKYcjw,Fogo de Chao,39.9509166,-75.1629711,4.0,1426,2,"1337 Chestnut St, Philadelphia, PA, 19107"
NjD-V9pdH7_V8Y8PGl-csw,Townsend,39.951097,-75.176542,4.5,246,2,"2121 Walnut St, Philadelphia, PA, 19103"
ILvJAuSP0sYWJKAQ-Goh4Q,Kensington Quarters,39.9705028,-75.1346993,4.0,318,2,"1310 Frankford Ave, Philadelphia, PA, 19125"
iZNR8-rqsBL2afDk4Zxe8A,Koch's Deli,39.953956271,-75.2097241761,4.0,260,1,"4309 Locust St, Philadelphia, PA, 19104"
lUHztzYjhD743ZuOQvgyMg,Miyabi Restaurant,39.9470156613,-75.1576062253,3.5,62,2,"243 S 10th St, Philadelphia, PA, 19107"
UBj0aJ6FfMR4tdvRbQ3KSA,McDonald's,39.954342,-75.202337,1.5,89,1,"3935 Walnut St, Philadelphia, PA, 19104"
dgGuvdysSuWOv2dKqZTbVA,Chipotle Mexican Grill,40.0075055545,-75.212248984,2.5,186,2,"4030 City Ave, Philadelphia, PA, 19131"
ZEoct1bFEAwgE9NDFGZ7kA,Keller Market,40.0721248,-75.0767287,4.5,22,3,"7964 Verree Rd, Philadelphia, PA, 19111"
Bk3jAsbl6cMLulBadU773A,Yomitori,39.9508935,-75.1736476,3.5,11,1,"133 S 20th St, Philadelphia, PA, 19103"
HyALuyIMyol-hL4eQQBbmQ,Chiu’s Kitchen,39.9542282,-75.1562308,4.5,11,2,"122 N 10th St, Philadelphia, PA, 19107"
OeN94byxv7pOOFUxRSKCbA,CrepeMaker,39.9548473,-75.1832766,3.0,13,2,"30th Street Station, 30th and Market Street, Philadelphia, PA, 19104"
hv9qzqMK9UojjMgc0W6nRg,Vagrant Coffee,39.9493349729,-75.2126938,3.0,12,2,"4435 Baltimore Ave, Philadelphia, PA, 19104"
3966MAWoL1GbB8Zjvspx1g,Urban Enoteca,39.9501753,-75.1690403,3.0,34,1,"135 S 17th St, Latham Hotel Philadelphia, Philadelphia, PA, 19103"
ohWH383r60AREWh-aphpSw,Iron Hill Brewery & Restaurant,40.0750694,-75.2055144,3.5,384,2,"8400 Germantown Ave, Philadelphia, PA, 19118"
Aw_rzky9g7vCQX0m9z6aTQ,Temple Rainbow,39.9860341408,-75.1564947571,4.0,8,1,"2156 N Broad St, Philadelphia, PA, 19121"
AYY1crsG6etLAQ2rsG3v-w,MoMos Of Tibet,40.074168,-75.2025511,4.5,8,2,"8221 Germantown Ave, Philadelphia, PA, 19118"
ocp2codqc5_UaQ-ff-w9eA,Moe's Deli Restaurant,40.0378561,-75.0386059,2.0,7,1,"7360 Frankford Ave, Philadelphia, PA, 19136"
LBDIwmGed02sn5Z5CFIyPQ,Quality Taste Jamaican Restaurant,39.9631567,-75.20264,4.0,112,2,"4002 Lancaster Ave, Philadelphia, PA, 19104"
_n539Sga7PCvHQs--a4qkA,Interstate Drafthouse,39.97199,-75.128871,4.0,250,2,"1235 E Palmer St, Philadelphia, PA, 19125"
_awhFQUGJGaFMr38viqI9w,Best In Town Pizza,40.061588,-75.05604,2.5,34,2,"7971 Castor Ave, Philadelphia, PA, 19152"
GGgYoWnKOpRQ3S0Yl14uDw,Meltkraft At Reading Terminal Market,39.953223,-75.1588819,4.0,283,3,"51 N 12th St, Philadelphia, PA, 19107"
Isw145X5g5kpZblQ4BxE9g,Thai 2 Go,40.029868,-75.218742,3.0,73,2,"355 Lyceum Ave, Philadelphia, PA, 19128"
vF_QwGltBpVesMMGclzB9Q,Pizzeria Stella,39.9424247094,-75.1456823945,4.0,601,2,"420 S 2nd St, Philadelphia, PA, 19147"
Rcje858p_iaK7X_j1dVp6g,O'Jung's,39.9272913188,-75.1488328617,4.5,24,2,"1625 2nd St, Philadelphia, PA, 19148"
FYV7zb2yau9DzN3AT-n-fw,4 Seasons Food Market,39.9498972,-75.176164,4.5,52,2,"236 S 21st St, Philadelphia, PA, 19103"
9_B5sCqKBOKDAmYpByiFFg,Branzino Italian Ristorante,39.9480133,-75.1693585,3.5,331,1,"261 S 17th St, Philadelphia, PA, 19103"
hyrITbzxrU9WmVjstt9MwA,Aprons Soul Food Restaurant,39.9400521034,-75.1867334579,4.5,72,2,"2617 Grays Ferry Ave, Philadelphia, PA, 19146"
N3HR10CFp-YWxhWuaxOekA,Ludwig's Garten,39.950043,-75.162518,4.0,15,2,"1315 Sansom St, Philadelphia, PA, 19107"
ZuGviUbyXpaEZnZ7w2IHyA,BisMillah Gyro,39.9532087298,-75.1665757249,4.5,20,2,"N 16th St & JFK Blvd, Philadelphia, PA, 19121"
hdcke4Vt0WZ42KbdBIVpgA,Ed's Pizza House,40.0255724,-75.1683667,1.5,11,1,"5022 Wayne Ave, Philadelphia, PA, 19144"
aaILnjUFC0i0uRkg5hYgnQ,Aqua Asian Bistro,39.9502734691,-75.1659937554,4.0,25,1,"120 S 15th St, Philadelphia, PA, 19106"
FIz3Hueg-ZQkRKjT5xxCQA,Philly Sunnyside Diner,39.9745695,-75.1819593,4.0,15,2,"2801 W Girard Ave, Philadelphia, PA, 19130"
7xckZSLRWf5uf3L1IsF1Kg,Mandarin Palace,39.9518886,-75.1718034,3.5,185,1,"1835 Chestnut St, Philadelphia, PA, 19103"
jHeT7dodT4fN1SD3QEFoAA,Cochon,39.9386072,-75.1526555,4.0,209,2,"801 E Passyunk Ave, Philadelphia, PA, 19147"
YeCf4BQ225HZSUW9imhaGQ,Berks Street Crabs,39.9813211416,-75.1795094088,3.5,13,3,"2718 Cecil B Moore Ave, Philadelphia, PA, 19121"
O4wZuA6Im9gQxxddCZ3kkQ,New York Gyro Truck,39.954482017,-75.2052439587,4.5,84,2,"41ST And Walnut, Philadelphia, PA, 19104"
deJd43rpViQxkOmn-gz-Lg,Pizza City,40.080901,-74.995019,3.0,49,2,"3208 Red Lion Rd, Philadelphia, PA, 19114"
hcxea89M_U__LADtu3C0kA,Supper,39.942621512,-75.1579622906,3.5,402,2,"926 S St, Philadelphia, PA, 19147"
MNv5nQf1KgTUi7zFeDEazA,20th Street Pizza,39.9517078,-75.1737131,4.5,78,1,"108 S 20th St, Philadelphia, PA, 19103"
RBCtHLVvc230q8zkRWIoyQ,Creme Brulee Bistro & Cafe,39.9259730399,-75.1527614381,4.5,165,2,"1800 S 4th St, Philadelphia, PA, 19148"
KfIPQSLSj_rJ9zbsdO7wFQ,Greg's Kitchen,40.0267886888,-75.2267333767,4.0,337,1,"4460 Main St, Philadelphia, PA, 19127"
DKXeB-JIou5XPI49CzITuQ,China House,39.9190372,-75.1836988,4.0,66,2,"2123 W Oregon Ave, Philadelphia, PA, 19145"
fwIhAbiaJBuJnt90mZSTBA,Fat Jack's BBQ,40.096102507,-75.0147091857,3.0,134,2,"10090 Roosevelt Blvd, Philadelphia, PA, 19116"
Rd8Gb82UQcPPWC_yY5ybDg,Pho Hoa Noodle Soup,40.0371693,-75.1084699,3.0,43,2,"501 Adams Ave, Philadelphia, PA, 19120"
dfP7vEVqcgFWmObIInwFzA,King's Palace,40.0626352,-75.23727,3.0,37,2,"Andorra Shopping Ctr, 8500 Henry Ave, Philadelphia, PA, 19128"
9RmCMNxgGe7vX5MYF_TM4Q,Wawa,39.9264316123,-75.1455847058,3.0,31,3,"1602 South Delaware Ave, Philadelphia, PA, 19148"
K9cn-DrPEEXse1s1n-6mMw,Bridget Foy's,39.9411136,-75.145825,3.5,312,1,"200 South St, Philadelphia, PA, 19147"
vrQCClTDrPSbIHO-ub8qFg,Sardi's Pollo A La Brasa,40.0030483,-75.2219283,4.0,332,2,"4510 City Ave, Philadelphia, PA, 19131"
LUL2M-R107_ovqrLqg7d6w,Coos Sports Bar,39.9687861,-75.1604323,3.5,7,3,"822 N Broad St, Philadelphia, PA, 19130"
-mIlmp5l4hKlp1tvHRdvTg,Sonny's Famous Steaks,39.9499178538,-75.1447920753,4.0,1697,2,"228 Market St, Philadelphia, PA, 19106"
pmIVrqAy4gxBUqomsCL6Ig,Subway,39.9562697,-75.1679039,3.0,14,1,"1701 Benjamin Franklin Pkwy, Philadelphia, PA, 19103"
Oj4otn-Wfd-JLwh1dL0DbA,The Juice Room,40.0592116,-75.1899679,4.5,76,2,"7127 Germantown Ave, Philadelphia, PA, 19119"
4ethI9A0jaG7bhJmHy4gow,Le Bar Lyonnais,39.949919,-75.166996,4.0,31,1,"Le Bec-Fin Downstairs, 1523 Walnut St, Philadelphia, PA, 19102"
_jRB9wKomaO1W3tfA1sX_Q,Jackass Burrito,39.9522598,-75.1740323,4.0,26,2,"2013 Chestnut St, Philadelphia, PA, 19103"
G9LZoNlCfRH941q87_JLIg,Mission Taqueria,39.9502217062,-75.1665529981,4.0,617,2,"1516 Sansom St, Fl 2, Philadelphia, PA, 19102"
egnIRUFaiOFdXYReuproiw,Jimmy's Timeout Sports Pub,40.0461605831,-74.9945482984,4.0,17,2,"5001 Linden Ave, Philadelphia, PA, 19114"
AZ5sk4X3LQ5BNLxeGPaddw,Seiko Japanese Restaurant,39.9612121,-75.1415708,4.0,142,2,"604 N 2nd St, Philadelphia, PA, 19123"
2owewxu5r6mLfKv6BBV3Aw,Dunkin',39.9495283,-75.1542873,1.5,9,2,"808 Chestnut St, Philadelphia, PA, 19107"
te_3sFwC4hdNJN-HtqCXQQ,Cafe Spice,39.9489657,-75.1436016,3.0,40,4,"35 S 2nd St, Philadelphia, PA, 19106"
-AbzJTLQdbdQrhRzQLgsKA,Kingyo,39.9507905,-75.1696177,3.5,11,2,"1720 Sansom St, Philadelphia, PA, 19103"
jZxs7PDhUbhg4LWSFM4Z_A,Best China Inn,39.9541202,-75.2112357,3.5,87,1,"4423 Locust St, Philadelphia, PA, 19104"
QgDsoMYcLcVcBQ3UgVay4A,Crisp Kitchen,39.9532599,-75.172695,3.0,52,2,"1900 Market St, Ste 100, Philadelphia, PA, 19103"
FffPXnuuKYWbi3Aj8taNcQ,Village Pizza,39.9604873,-75.1891583,3.0,15,1,"3233 Powelton Ave, Philadelphia, PA, 19104"
X0lCvXEahUA5HEPP3SZjeA,El Soto Deli & Grocery,39.9306803523,-75.1699446009,5.0,15,2,"1500 Tasker 15th St, Philadelphia, PA, 19145"
lCetcbxQr52TTGmGmXzQcw,Country Club Diner,40.0540854,-75.0704686,3.0,85,2,"1717 Cottman Ave, Philadelphia, PA, 19111"
d2Wfyih3EdRJnOC6qEiPOg,Flaming Grill & Fusion Buffet,40.002977,-75.2217849,2.0,7,2,"4504 City Ave, Philadelphia, PA, 19131"
wtyRjMk3uwx27_wvnzRkog,Super Fratelli's Pizza,40.110289,-75.024127,3.5,34,1,"10849 Bustleton Ave, Philadelphia, PA, 19116"
VSQjT5mn45JKtSSL56jNPg,Marianna's Pizzeria,40.0557918,-75.0455197,4.5,7,1,"2626 Rhawn St, Philadelphia, PA, 19152"
tJxrkonV5iuVZUNJev0jWA,Classic Cake Bakery & Cafe,39.9542676513,-75.1678994671,4.5,55,2,"1617 John F Kennedy Blvd, Philadelphia, PA, 19103"
_A4JgqZzr3rUsMgHfKer7Q,NY Bagel Cafe & Deli,40.0140948517,-75.2317640074,2.5,7,2,"103 Turner Ln, Philadelphia, PA, 19131"
x67huqR9qbjoodRBu3KWfg,1st NE International Market,40.0415953142,-75.0551653732,3.5,6,1,"2842 Saint Vincent St, Philadelphia, PA, 19149"
dUzR2vZ6nhuGdrDV2Dsr_g,2nd State Lounge,39.9417056,-75.1492637,3.0,17,1,"401 S St, Philadelphia, PA, 19147"
as7hPsyLUSSiSEd2o1nErQ,Wynnefield Pizza,39.9846658,-75.2311673,3.0,15,2,"1819 N 54th St, Philadelphia, PA, 19131"
FoInxau7UwTN2vguRTBNQA,Hong Restaurant,40.039174,-75.128641,4.5,5,1,"420 W Grange Ave, Philadelphia, PA, 19120"
eMlGIvwFBAaSGSp0c0Wnqw,A & J Seafood,40.0012973,-75.1532209843,2.0,13,2,"3148 N Broad st, Philadelphia, PA, 19132"
ctHjyadbDQAtUFfkcAFEHw,Zahav,39.9462611465,-75.1451350779,4.5,3065,1,"237 St James Pl, Philadelphia, PA, 19106"
V5joRorS5dBNDXD669n6jg,Germantown Garden,39.966258,-75.1382568,3.0,146,1,"1029 Germantown Ave, Philadelphia, PA, 19123"
849vV4133tI82lNWCZinOA,Reggae Reggae Vibes,39.9703316132,-75.145784989,4.0,130,2,"517 W Girard Ave, Philadelphia, PA, 19123"
nLrvjEZkNY_bTTvD4b-6sg,HNT Chicken,40.0077753725,-75.1743743196,2.0,5,1,"2749 W Hunting Park Ave, Philadelphia, PA, 19129"
Fyi_Mf7UsTNVNQii-RGzTA,Philly Pretzel Factory,40.0804412,-75.1730921,3.5,6,2,"1555 E Wadsworth Ave, Philadelphia, PA, 19150"
dAaWxrY4le8xvTMqNjIRtw,Five Guys,40.0791890292,-75.0266629492,3.5,54,2,"2552 Grant Ave, Philadelphia, PA, 19114"
SCjUeZfjafJ88fWWQjRh2w,El Rey,39.9522598,-75.1740323,3.5,968,3,"2013 Chestnut St, Philadelphia, PA, 19103"
n4alafw1npRmVXzfBLUGPQ,Nick's Roast Beef,40.048536,-75.06233,3.0,124,2,"2210 Cottman Ave, Philadelphia, PA, 19149"
7W2HqyvW9XIL-TWuXSODBg,International Smokeless BBQ,39.9344152,-75.1543726,3.5,102,2,"600 Washington Ave, Philadelphia, PA, 19147"
8QtgPszOI5-4qwizvWi5lA,Unity Taqueria,40.0224225,-75.2090019,4.0,25,3,"5420 Ridge Ave, Philadelphia, PA, 19128"
R7U3lCaFWGA1p3sRkFcYAA,Balducci's,39.881297,-75.2413809,3.0,9,1,"1 Garage Access Rd, Philadelphia, PA, 19153"
zM-FI9KgcFF8cO4ivQ44uw,Paul,39.9449491,-75.1607343,3.5,29,1,"1120 Pine Street, Philadelphia, PA, 19107"
-uPvL8kLaSzG-KxkSKL6RA,Hong Kong Deli,39.9884019,-75.102826,4.0,5,2,"3294 Gaul St, Philadelphia, PA, 19134"
GAuweBrcC_wK3a0UhZjwfA,Loco Pez,39.977142,-75.127202,4.0,650,1,"2401 E Norris St, Philadelphia, PA, 19125"
7YsrfPONeC5VC-n5N1gb5w,The Breakfast Boutique,40.0586918,-75.1497736,4.0,138,1,"6830 Ogontz Ave, Philadelphia, PA, 19138"
Ku2b7oA9s56mHoflb5lJ2w,Alma Del Mar,39.9373099378,-75.1580101624,5.0,80,1,"1007 S 9th St, Philadelphia, PA, 19147"
pum7TsURcc2NKcYKpId9gA,Lickety Split,39.9350642,-75.1516194,3.5,56,2,"401 S St, Philadelphia, PA, 19147"
ExJjmQZ6M01JDbHFQ8CbzA,Tasteful Sensations Seafood & Soul Food,40.0100109,-75.1546441,3.0,36,2,"3703 Pulaski Ave, Philadelphia, PA, 19140"
pBhSdTZcYx29M0ulJhUNig,El Guaco Loco,39.983036976,-75.1546335178,3.0,15,1,"2003 N 13th St, Philadelphia, PA, 19122"
79cmm_bMkDWHaa7-OysIAA,Cantina Laredo,39.8778109906,-75.2368170695,2.5,112,2,"8500 Essington Ave, Space E12, Terminal E, Philadelphia, PA, 19153"
sJ7RwRN1Pd602KDXb6oW0Q,Philly Pretzel Factory,40.037904,-75.0383777,3.5,9,3,"7366 Frankford Ave, Philadelphia, PA, 19136"
jCKjT0w6BnPxNSZO9Q2uuw,M Restaurant,39.9473257341,-75.1543113996,3.5,165,1,"231 S 8th St, Philadelphia, PA, 19106"
or1JuxvK2kcrKvM2djYUEQ,The Farmacy,39.953125,-75.211986,3.5,226,2,"4443 Spruce St, Philadelphia, PA, 19104"
jyiCIbGkuhxawoEBvZxUfA,Jack Duggan's Pub,39.874761,-75.247085,2.5,200,2,"8500 Essington Ave, Terminal A, Philadelphia International Airport, Philadelphia, PA, 19153"
bwlHQiKk7EACbEZC5T3r7g,El Provocon,40.0394683,-75.0563012,4.0,18,2,"2843 Tyson Ave, Philadelphia, PA, 19149"
AqXAY71HZDnOV_qG1H0GpA,Don Chucho,39.9360042563,-75.1585241407,2.5,7,1,"1108-10 S 9th St, Philadelphia, PA, 19147"
vEfA3V3pCrnigUFlLJ3gLw,Gleaner's Cafe,39.938929,-75.157903,4.5,140,1,"917 S 9th St, Philadelphia, PA, 19147"
WW_qGCrcNqACvA8NLK5AMQ,LeBus Cafe,39.8654657,-75.2741557,2.0,9,3,"Philadelphia International Airport, Philadelphia, PA, 19113"
mv9uuDPJDaxl0zJ5cEhpXA,Mr Wish - South Philly,39.936311,-75.16201,4.0,95,3,"1100 Washington Ave, Philadelphia, PA, 19147"
VBONwHcqkxYTHfxmdKGhkw,Keating's Rope & Anchor,39.9457341,-75.1413125,3.0,73,2,"201 S Christopher Columbus Blvd, Philadelphia, PA, 19106"
fBoo1Q7xQOZvUDfIarkETA,Salam Cafe and Market,40.0331967,-75.1754915,5.0,7,2,"5532 Greene St, Philadelphia, PA, 19144"
csBftms0brareTQSFGwpgA,Great Taste Chinese Food,39.9536559,-75.2193516,3.5,10,2,"4834 Spruce St, Philadelphia, PA, 19139"
BztSLUF-sqzfl1dPLdNcwA,Food Point Deli,39.9287048,-75.1683292,4.0,13,2,"1711 S Broad St, Philadelphia, PA, 19148"
Rc5F8Gtu-wdbPmVU8DFdJQ,La Mamiringa Restaurant,40.027564,-75.1321794,4.5,7,1,"5009 North 5th St, Philadelphia, PA, 19120"
hkirr3WzSTx2d9cdP_NKSQ,Mama's Vegetarian,39.952706,-75.173477,4.5,592,2,"18 S 20th St, Philadelphia, PA, 19103"
bScE17sBJkvHtUW_rnNNtA,Rocket Burger,40.0346506,-75.0440235,2.5,12,2,"7109 Frankford Ave, Philadelphia, PA, 19135"
-v1Ia8G_G00SuygAm6koUg,Wawa,39.9482296,-75.156935,3.5,52,1,"912-16 Walnut St, Ste 16, Philadelphia, PA, 19107"
zG8xZ-X3QPt7KucfYVffCg,Philly Pretzel Factory,39.9255776,-75.1700902,4.5,28,2,"1401 W Passyunk Ave, Philadelphia, PA, 19145"
CLVICRuP-1DilA-NLwOGvw,Pat's Pizza Express,40.0484332935,-75.0584227592,3.0,12,1,"2311 Cottman Ave, Philadelphia, PA, 19149"
dWoJKEoFPbCr5pL2Y0LkJA,Nan Restaurant,39.9553597,-75.202452,4.0,45,2,"4000 Chestnut St, Philadelphia, PA, 19104"
qP954Yf1Qa5Ckkw4RU6w7A,DOHO Taqueria,40.0497663,-75.1848614,4.5,31,1,"18 W Hortter, Philadelphia, PA, 19119"
B-SiesU4hxIiL7rl7vzayA,Jim's Steaks,39.9692157,-75.2430863,4.0,319,1,"431 N 62nd St, Philadelphia, PA, 19151"
y6FxggLj1xnJ0ArqV3UoVw,Andy's Chicken,39.9774804,-75.128401,4.5,233,2,"2001 Memphis St, Philadelphia, PA, 19125"
h1RQEy-kVBy2T9rMlp5VIw,Samwich,39.9386746,-75.1531814,4.0,38,2,"600 Catherine St, Philadelphia, PA, 19147"
D_JgJY5V54i0EYOdTHmWlg,Toast,39.9467659,-75.1611269,3.0,253,3,"1201 Spruce St, Philadelphia, PA, 19107"
CZuC-Yp3O96vUyk-mvAd4A,Chat On Chew,40.0380838,-75.1296708,4.0,5,1,"435 W Chew Ave, Philadelphia, PA, 19120"
lEC_8UDzg206jEawykDguw,Wawa,39.9492309,-75.1507462,4.5,11,1,"6th St & Chestnut St, Philadelphia, PA, 19106"
HHpkOkPN0sk7ScP7Y7XBXg,Meze Cafe,40.0250895,-75.2221742,3.5,35,2,"4311 Main St, Philadelphia, PA, 19127"
LEwyF97d5SS_V4kLwSMu3A,Union Taco,39.970211,-75.148728,3.0,39,2,"712 W Girard Ave, Philadelphia, PA, 19123"
K_s-9Wd6vXSfnxYFzhE0Kw,Kei Sushi Restaurant,39.944413,-75.1707392,4.5,157,3,"1711 South St, Philadelphia, PA, 19146"
o7YE1WaFeQg_piECb9cgjQ,Ratchada Thai & Laos Cuisine,39.936534,-75.16139,4.0,285,2,"1117 S 11th St, Philadelphia, PA, 19147"
Gj5G0asdNZILROHEUEF-iQ,DaFranco Pizzeria,40.1050859,-75.0337505,4.0,11,3,"742 Red Lion Rd, Philadelphia, PA, 19115"
dwh4dy4zyrf-NTqaCYjH6A,Byrne's Tavern,39.9841717,-75.0987438,4.0,113,2,"3301 Richmond St, Philadelphia, PA, 19134"
pbHUglsehzeP4hPZX3IoaA,A.Cafe AKA Cafe,39.9503651,-75.1704529,3.0,7,2,"135 S 18th St, Philadelphia, PA, 19103"
XGxsV7f16mW051jsEafAQQ,Fountain Restaurant,39.9567043,-75.1697047,4.0,99,1,"Four Seasons Hotel Philadelphia, 1 Logan Sq, Philadelphia, PA, 19103"
o7maiIUu3OmqMvmUB8YW-Q,Au Bon Pain,39.8803399012,-75.237121582,2.5,18,1,"Terminal F, Philadelphia International Airport, Philadelphia, PA, 19153"
iSOwZtXQaUBf5tX-MTVT4w,Q BBQ & Tequila,39.9484906,-75.1444675,3.0,137,2,"207 Chestnut St, Philadelphia, PA, 19106"
9sEzWuaOicYlbp9a6A829A,Jin Wei,39.9554576,-75.1551993,3.5,28,2,"925 Race St, Philadelphia, PA, 19107"
x19LbnFdSo3LXYqfOrTtBg,Blue Belly BBQ,39.9386795,-75.1532197,3.5,58,2,"600 Catharine St, Philadelphia, PA, 19147"
i6DlLLxZ2iwQRxhUDx3TTg,The Adobe Cafe,40.0342316,-75.2191448,3.5,317,2,"4550 Mitchell St, Philadelphia, PA, 19128"
8ZU1N9vxDsJvyBY0fCi4bw,Konak,39.955585,-75.143719,4.0,33,2,"228 Vine St, Philadelphia, PA, 19106"
-cEFKAznWmI0cledNOIQ7w,Gran Caffe L'Aquila,39.9512789,-75.1695181,4.5,1138,4,"1716 Chestnut St, Philadelphia, PA, 19103"
xFbdXq4NZ6I_ulCcNEy8Qw,Panda Garden Chinese Restaurant,39.949193,-75.159102,2.5,63,2,"130 S 11th St, Philadelphia, PA, 19107"
IFFuw9ZIzpcWSqu2OHmjZA,Tampopo,39.9530336,-75.2102968,3.5,185,2,"269 S 44th St, Philadelphia, PA, 19104"
cd-EkTwPP0G-bOoZtRTaVA,Tony Lukes Casa De Pasta,39.9136284,-75.1488145,4.5,7,2,"26 East Oregon Ave, Philadelphia, PA, 19148"
Ww8DBKYd-NSRMfDRuddrjA,Sushi Kingdom,40.0860312,-74.9649713,3.5,41,2,"427 Franklin Mills Cir, Philadelphia, PA, 19154"
9AE75wIWF9XiV23NBpHyVA,Corfu Pizza,40.056005,-75.1406056,3.0,21,1,"6730 Old York Rd, Philadelphia, PA, 19126"
wB1Tin0OW1JRpaKM-E3ZYA,National Mechanics,39.9495443,-75.1459872,4.0,875,2,"22 S 3rd St, Philadelphia, PA, 19106"
6cfNCzL2A0XsmXnjeg0u7w,Cosi,39.949088,-75.147154,2.0,77,2,"325 Chestnut St, Philadelphia, PA, 19106"
